,image_path,label
1,/home/irene/ISEF-Project-2023/Data/Density AM/1_1-10.jpg,0
12,/home/irene/ISEF-Project-2023/Data/Density AM/1_1-20.jpg,0
31,/home/irene/ISEF-Project-2023/Data/Density AM/1_10-10.jpg,1
34,/home/irene/ISEF-Project-2023/Data/Density AM/1_10-13.jpg,0
35,/home/irene/ISEF-Project-2023/Data/Density AM/1_10-14.jpg,1
52,/home/irene/ISEF-Project-2023/Data/Density AM/1_10-3.jpg,1
57,/home/irene/ISEF-Project-2023/Data/Density AM/1_10-7.jpg,1
58,/home/irene/ISEF-Project-2023/Data/Density AM/1_10-8.jpg,0
64,/home/irene/ISEF-Project-2023/Data/Density AM/1_11-13.jpg,1
81,/home/irene/ISEF-Project-2023/Data/Density AM/1_11-29.jpg,0
83,/home/irene/ISEF-Project-2023/Data/Density AM/1_11-30.jpg,0
91,/home/irene/ISEF-Project-2023/Data/Density AM/1_12-10.jpg,2
98,/home/irene/ISEF-Project-2023/Data/Density AM/1_12-17.jpg,4
116,/home/irene/ISEF-Project-2023/Data/Density AM/1_12-6.jpg,1
126,/home/irene/ISEF-Project-2023/Data/Density AM/1_13-15.jpg,1
127,/home/irene/ISEF-Project-2023/Data/Density AM/1_13-16.jpg,3
128,/home/irene/ISEF-Project-2023/Data/Density AM/1_13-17.jpg,2
137,/home/irene/ISEF-Project-2023/Data/Density AM/1_13-25.jpg,0
145,/home/irene/ISEF-Project-2023/Data/Density AM/1_13-5.jpg,0
151,/home/irene/ISEF-Project-2023/Data/Density AM/1_14-10.jpg,2
155,/home/irene/ISEF-Project-2023/Data/Density AM/1_14-14.jpg,0
158,/home/irene/ISEF-Project-2023/Data/Density AM/1_14-17.jpg,1
168,/home/irene/ISEF-Project-2023/Data/Density AM/1_14-26.jpg,0
170,/home/irene/ISEF-Project-2023/Data/Density AM/1_14-28.jpg,0
187,/home/irene/ISEF-Project-2023/Data/Density AM/1_15-16.jpg,4
188,/home/irene/ISEF-Project-2023/Data/Density AM/1_15-17.jpg,1
198,/home/irene/ISEF-Project-2023/Data/Density AM/1_15-26.jpg,1
215,/home/irene/ISEF-Project-2023/Data/Density AM/1_16-14.jpg,1
217,/home/irene/ISEF-Project-2023/Data/Density AM/1_16-16.jpg,3
220,/home/irene/ISEF-Project-2023/Data/Density AM/1_16-19.jpg,1
222,/home/irene/ISEF-Project-2023/Data/Density AM/1_16-20.jpg,1
223,/home/irene/ISEF-Project-2023/Data/Density AM/1_16-21.jpg,4
226,/home/irene/ISEF-Project-2023/Data/Density AM/1_16-24.jpg,1
229,/home/irene/ISEF-Project-2023/Data/Density AM/1_16-27.jpg,1
230,/home/irene/ISEF-Project-2023/Data/Density AM/1_16-28.jpg,1
231,/home/irene/ISEF-Project-2023/Data/Density AM/1_16-29.jpg,0
234,/home/irene/ISEF-Project-2023/Data/Density AM/1_16-4.jpg,0
242,/home/irene/ISEF-Project-2023/Data/Density AM/1_17-11.jpg,4
245,/home/irene/ISEF-Project-2023/Data/Density AM/1_17-14.jpg,0
248,/home/irene/ISEF-Project-2023/Data/Density AM/1_17-17.jpg,0
253,/home/irene/ISEF-Project-2023/Data/Density AM/1_17-21.jpg,6
254,/home/irene/ISEF-Project-2023/Data/Density AM/1_17-22.jpg,6
262,/home/irene/ISEF-Project-2023/Data/Density AM/1_17-3.jpg,0
275,/home/irene/ISEF-Project-2023/Data/Density AM/1_18-14.jpg,1
278,/home/irene/ISEF-Project-2023/Data/Density AM/1_18-17.jpg,15
285,/home/irene/ISEF-Project-2023/Data/Density AM/1_18-23.jpg,0
289,/home/irene/ISEF-Project-2023/Data/Density AM/1_18-27.jpg,1
290,/home/irene/ISEF-Project-2023/Data/Density AM/1_18-28.jpg,4
297,/home/irene/ISEF-Project-2023/Data/Density AM/1_18-7.jpg,1
298,/home/irene/ISEF-Project-2023/Data/Density AM/1_18-8.jpg,0
299,/home/irene/ISEF-Project-2023/Data/Density AM/1_18-9.jpg,0
323,/home/irene/ISEF-Project-2023/Data/Density AM/1_19-30.jpg,1
327,/home/irene/ISEF-Project-2023/Data/Density AM/1_19-7.jpg,3
331,/home/irene/ISEF-Project-2023/Data/Density AM/1_2-10.jpg,0
337,/home/irene/ISEF-Project-2023/Data/Density AM/1_2-16.jpg,0
366,/home/irene/ISEF-Project-2023/Data/Density AM/1_20-15.jpg,2
367,/home/irene/ISEF-Project-2023/Data/Density AM/1_20-16.jpg,0
368,/home/irene/ISEF-Project-2023/Data/Density AM/1_20-17.jpg,5
376,/home/irene/ISEF-Project-2023/Data/Density AM/1_20-24.jpg,1
377,/home/irene/ISEF-Project-2023/Data/Density AM/1_20-25.jpg,1
383,/home/irene/ISEF-Project-2023/Data/Density AM/1_20-30.jpg,0
391,/home/irene/ISEF-Project-2023/Data/Density AM/1_21-10.jpg,1
393,/home/irene/ISEF-Project-2023/Data/Density AM/1_21-12.jpg,0
406,/home/irene/ISEF-Project-2023/Data/Density AM/1_21-24.jpg,5
411,/home/irene/ISEF-Project-2023/Data/Density AM/1_21-29.jpg,1
412,/home/irene/ISEF-Project-2023/Data/Density AM/1_21-3.jpg,0
415,/home/irene/ISEF-Project-2023/Data/Density AM/1_21-5.jpg,1
417,/home/irene/ISEF-Project-2023/Data/Density AM/1_21-7.jpg,2
419,/home/irene/ISEF-Project-2023/Data/Density AM/1_21-9.jpg,0
423,/home/irene/ISEF-Project-2023/Data/Density AM/1_22-12.jpg,1
424,/home/irene/ISEF-Project-2023/Data/Density AM/1_22-13.jpg,7
428,/home/irene/ISEF-Project-2023/Data/Density AM/1_22-17.jpg,0
429,/home/irene/ISEF-Project-2023/Data/Density AM/1_22-18.jpg,2
440,/home/irene/ISEF-Project-2023/Data/Density AM/1_22-28.jpg,0
445,/home/irene/ISEF-Project-2023/Data/Density AM/1_22-5.jpg,1
448,/home/irene/ISEF-Project-2023/Data/Density AM/1_22-8.jpg,0
453,/home/irene/ISEF-Project-2023/Data/Density AM/1_23-12.jpg,4
455,/home/irene/ISEF-Project-2023/Data/Density AM/1_23-14.jpg,1
463,/home/irene/ISEF-Project-2023/Data/Density AM/1_23-21.jpg,4
484,/home/irene/ISEF-Project-2023/Data/Density AM/1_24-13.jpg,0
486,/home/irene/ISEF-Project-2023/Data/Density AM/1_24-15.jpg,11
492,/home/irene/ISEF-Project-2023/Data/Density AM/1_24-20.jpg,1
493,/home/irene/ISEF-Project-2023/Data/Density AM/1_24-21.jpg,1
497,/home/irene/ISEF-Project-2023/Data/Density AM/1_24-25.jpg,1
506,/home/irene/ISEF-Project-2023/Data/Density AM/1_24-6.jpg,3
507,/home/irene/ISEF-Project-2023/Data/Density AM/1_24-7.jpg,0
508,/home/irene/ISEF-Project-2023/Data/Density AM/1_24-8.jpg,1
523,/home/irene/ISEF-Project-2023/Data/Density AM/1_25-21.jpg,2
526,/home/irene/ISEF-Project-2023/Data/Density AM/1_25-24.jpg,1
530,/home/irene/ISEF-Project-2023/Data/Density AM/1_25-28.jpg,1
535,/home/irene/ISEF-Project-2023/Data/Density AM/1_25-5.jpg,1
536,/home/irene/ISEF-Project-2023/Data/Density AM/1_25-6.jpg,0
540,/home/irene/ISEF-Project-2023/Data/Density AM/1_26-1.jpg,0
544,/home/irene/ISEF-Project-2023/Data/Density AM/1_26-13.jpg,0
546,/home/irene/ISEF-Project-2023/Data/Density AM/1_26-15.jpg,7
556,/home/irene/ISEF-Project-2023/Data/Density AM/1_26-24.jpg,1
557,/home/irene/ISEF-Project-2023/Data/Density AM/1_26-25.jpg,0
562,/home/irene/ISEF-Project-2023/Data/Density AM/1_26-3.jpg,0
563,/home/irene/ISEF-Project-2023/Data/Density AM/1_26-30.jpg,1
567,/home/irene/ISEF-Project-2023/Data/Density AM/1_26-7.jpg,1
573,/home/irene/ISEF-Project-2023/Data/Density AM/1_27-12.jpg,0
575,/home/irene/ISEF-Project-2023/Data/Density AM/1_27-14.jpg,1
576,/home/irene/ISEF-Project-2023/Data/Density AM/1_27-15.jpg,2
578,/home/irene/ISEF-Project-2023/Data/Density AM/1_27-17.jpg,0
585,/home/irene/ISEF-Project-2023/Data/Density AM/1_27-23.jpg,1
607,/home/irene/ISEF-Project-2023/Data/Density AM/1_28-16.jpg,1
610,/home/irene/ISEF-Project-2023/Data/Density AM/1_28-19.jpg,0
615,/home/irene/ISEF-Project-2023/Data/Density AM/1_28-23.jpg,3
621,/home/irene/ISEF-Project-2023/Data/Density AM/1_28-29.jpg,0
624,/home/irene/ISEF-Project-2023/Data/Density AM/1_28-4.jpg,0
627,/home/irene/ISEF-Project-2023/Data/Density AM/1_28-7.jpg,1
628,/home/irene/ISEF-Project-2023/Data/Density AM/1_28-8.jpg,2
639,/home/irene/ISEF-Project-2023/Data/Density AM/1_29-18.jpg,9
640,/home/irene/ISEF-Project-2023/Data/Density AM/1_29-19.jpg,1
641,/home/irene/ISEF-Project-2023/Data/Density AM/1_29-2.jpg,0
642,/home/irene/ISEF-Project-2023/Data/Density AM/1_29-20.jpg,0
645,/home/irene/ISEF-Project-2023/Data/Density AM/1_29-23.jpg,1
653,/home/irene/ISEF-Project-2023/Data/Density AM/1_29-30.jpg,1
657,/home/irene/ISEF-Project-2023/Data/Density AM/1_29-7.jpg,0
658,/home/irene/ISEF-Project-2023/Data/Density AM/1_29-8.jpg,2
661,/home/irene/ISEF-Project-2023/Data/Density AM/1_3-10.jpg,1
662,/home/irene/ISEF-Project-2023/Data/Density AM/1_3-11.jpg,1
665,/home/irene/ISEF-Project-2023/Data/Density AM/1_3-14.jpg,4
667,/home/irene/ISEF-Project-2023/Data/Density AM/1_3-16.jpg,1
674,/home/irene/ISEF-Project-2023/Data/Density AM/1_3-22.jpg,1
677,/home/irene/ISEF-Project-2023/Data/Density AM/1_3-25.jpg,0
678,/home/irene/ISEF-Project-2023/Data/Density AM/1_3-26.jpg,0
685,/home/irene/ISEF-Project-2023/Data/Density AM/1_3-5.jpg,1
688,/home/irene/ISEF-Project-2023/Data/Density AM/1_3-8.jpg,0
699,/home/irene/ISEF-Project-2023/Data/Density AM/1_30-18.jpg,1
700,/home/irene/ISEF-Project-2023/Data/Density AM/1_30-19.jpg,2
704,/home/irene/ISEF-Project-2023/Data/Density AM/1_30-22.jpg,1
708,/home/irene/ISEF-Project-2023/Data/Density AM/1_30-26.jpg,3
714,/home/irene/ISEF-Project-2023/Data/Density AM/1_30-4.jpg,0
718,/home/irene/ISEF-Project-2023/Data/Density AM/1_30-8.jpg,0
723,/home/irene/ISEF-Project-2023/Data/Density AM/1_31-12.jpg,1
726,/home/irene/ISEF-Project-2023/Data/Density AM/1_31-15.jpg,1
740,/home/irene/ISEF-Project-2023/Data/Density AM/1_31-28.jpg,0
749,/home/irene/ISEF-Project-2023/Data/Density AM/1_31-9.jpg,1
751,/home/irene/ISEF-Project-2023/Data/Density AM/1_32-10.jpg,2
753,/home/irene/ISEF-Project-2023/Data/Density AM/1_32-12.jpg,1
756,/home/irene/ISEF-Project-2023/Data/Density AM/1_32-15.jpg,1
758,/home/irene/ISEF-Project-2023/Data/Density AM/1_32-17.jpg,2
766,/home/irene/ISEF-Project-2023/Data/Density AM/1_32-24.jpg,0
769,/home/irene/ISEF-Project-2023/Data/Density AM/1_32-27.jpg,1
774,/home/irene/ISEF-Project-2023/Data/Density AM/1_32-4.jpg,0
785,/home/irene/ISEF-Project-2023/Data/Density AM/1_33-14.jpg,1
786,/home/irene/ISEF-Project-2023/Data/Density AM/1_33-15.jpg,2
787,/home/irene/ISEF-Project-2023/Data/Density AM/1_33-16.jpg,3
788,/home/irene/ISEF-Project-2023/Data/Density AM/1_33-17.jpg,1
790,/home/irene/ISEF-Project-2023/Data/Density AM/1_33-19.jpg,3
792,/home/irene/ISEF-Project-2023/Data/Density AM/1_33-20.jpg,1
797,/home/irene/ISEF-Project-2023/Data/Density AM/1_33-25.jpg,0
799,/home/irene/ISEF-Project-2023/Data/Density AM/1_33-27.jpg,0
802,/home/irene/ISEF-Project-2023/Data/Density AM/1_33-3.jpg,0
812,/home/irene/ISEF-Project-2023/Data/Density AM/1_34-11.jpg,1
816,/home/irene/ISEF-Project-2023/Data/Density AM/1_34-15.jpg,7
817,/home/irene/ISEF-Project-2023/Data/Density AM/1_34-16.jpg,15
818,/home/irene/ISEF-Project-2023/Data/Density AM/1_34-17.jpg,1
819,/home/irene/ISEF-Project-2023/Data/Density AM/1_34-18.jpg,1
820,/home/irene/ISEF-Project-2023/Data/Density AM/1_34-19.jpg,1
838,/home/irene/ISEF-Project-2023/Data/Density AM/1_34-8.jpg,0
839,/home/irene/ISEF-Project-2023/Data/Density AM/1_34-9.jpg,0
844,/home/irene/ISEF-Project-2023/Data/Density AM/1_35-13.jpg,9
847,/home/irene/ISEF-Project-2023/Data/Density AM/1_35-16.jpg,6
849,/home/irene/ISEF-Project-2023/Data/Density AM/1_35-18.jpg,1
850,/home/irene/ISEF-Project-2023/Data/Density AM/1_35-19.jpg,1
860,/home/irene/ISEF-Project-2023/Data/Density AM/1_35-28.jpg,0
863,/home/irene/ISEF-Project-2023/Data/Density AM/1_35-30.jpg,0
873,/home/irene/ISEF-Project-2023/Data/Density AM/1_36-12.jpg,1
875,/home/irene/ISEF-Project-2023/Data/Density AM/1_36-14.jpg,0
876,/home/irene/ISEF-Project-2023/Data/Density AM/1_36-15.jpg,1
877,/home/irene/ISEF-Project-2023/Data/Density AM/1_36-16.jpg,1
878,/home/irene/ISEF-Project-2023/Data/Density AM/1_36-17.jpg,1
879,/home/irene/ISEF-Project-2023/Data/Density AM/1_36-18.jpg,1
883,/home/irene/ISEF-Project-2023/Data/Density AM/1_36-21.jpg,1
884,/home/irene/ISEF-Project-2023/Data/Density AM/1_36-22.jpg,1
887,/home/irene/ISEF-Project-2023/Data/Density AM/1_36-25.jpg,1
895,/home/irene/ISEF-Project-2023/Data/Density AM/1_36-5.jpg,0
903,/home/irene/ISEF-Project-2023/Data/Density AM/1_37-12.jpg,1
906,/home/irene/ISEF-Project-2023/Data/Density AM/1_37-15.jpg,0
907,/home/irene/ISEF-Project-2023/Data/Density AM/1_37-16.jpg,1
914,/home/irene/ISEF-Project-2023/Data/Density AM/1_37-22.jpg,4
917,/home/irene/ISEF-Project-2023/Data/Density AM/1_37-25.jpg,0
936,/home/irene/ISEF-Project-2023/Data/Density AM/1_38-15.jpg,2
939,/home/irene/ISEF-Project-2023/Data/Density AM/1_38-18.jpg,1
942,/home/irene/ISEF-Project-2023/Data/Density AM/1_38-20.jpg,0
946,/home/irene/ISEF-Project-2023/Data/Density AM/1_38-24.jpg,1
963,/home/irene/ISEF-Project-2023/Data/Density AM/1_39-12.jpg,0
968,/home/irene/ISEF-Project-2023/Data/Density AM/1_39-17.jpg,1
969,/home/irene/ISEF-Project-2023/Data/Density AM/1_39-18.jpg,1
973,/home/irene/ISEF-Project-2023/Data/Density AM/1_39-21.jpg,2
976,/home/irene/ISEF-Project-2023/Data/Density AM/1_39-24.jpg,0
981,/home/irene/ISEF-Project-2023/Data/Density AM/1_39-29.jpg,4
988,/home/irene/ISEF-Project-2023/Data/Density AM/1_39-8.jpg,0
990,/home/irene/ISEF-Project-2023/Data/Density AM/1_4-1.jpg,0
995,/home/irene/ISEF-Project-2023/Data/Density AM/1_4-14.jpg,7
996,/home/irene/ISEF-Project-2023/Data/Density AM/1_4-15.jpg,2
997,/home/irene/ISEF-Project-2023/Data/Density AM/1_4-16.jpg,1
998,/home/irene/ISEF-Project-2023/Data/Density AM/1_4-17.jpg,1
1000,/home/irene/ISEF-Project-2023/Data/Density AM/1_4-19.jpg,2
1002,/home/irene/ISEF-Project-2023/Data/Density AM/1_4-20.jpg,0
1015,/home/irene/ISEF-Project-2023/Data/Density AM/1_4-5.jpg,5
1017,/home/irene/ISEF-Project-2023/Data/Density AM/1_4-7.jpg,1
1033,/home/irene/ISEF-Project-2023/Data/Density AM/1_40-21.jpg,0
1038,/home/irene/ISEF-Project-2023/Data/Density AM/1_40-26.jpg,0
1042,/home/irene/ISEF-Project-2023/Data/Density AM/1_40-3.jpg,0
1049,/home/irene/ISEF-Project-2023/Data/Density AM/1_40-9.jpg,0
1067,/home/irene/ISEF-Project-2023/Data/Density AM/1_41-25.jpg,0
1086,/home/irene/ISEF-Project-2023/Data/Density AM/1_42-15.jpg,0
1093,/home/irene/ISEF-Project-2023/Data/Density AM/1_42-21.jpg,1
1097,/home/irene/ISEF-Project-2023/Data/Density AM/1_42-25.jpg,0
1100,/home/irene/ISEF-Project-2023/Data/Density AM/1_42-28.jpg,0
1102,/home/irene/ISEF-Project-2023/Data/Density AM/1_42-3.jpg,0
1104,/home/irene/ISEF-Project-2023/Data/Density AM/1_42-4.jpg,0
1126,/home/irene/ISEF-Project-2023/Data/Density AM/1_43-24.jpg,0
1127,/home/irene/ISEF-Project-2023/Data/Density AM/1_43-25.jpg,0
1130,/home/irene/ISEF-Project-2023/Data/Density AM/1_43-28.jpg,0
1141,/home/irene/ISEF-Project-2023/Data/Density AM/1_44-10.jpg,0
1143,/home/irene/ISEF-Project-2023/Data/Density AM/1_44-12.jpg,0
1150,/home/irene/ISEF-Project-2023/Data/Density AM/1_44-19.jpg,0
1157,/home/irene/ISEF-Project-2023/Data/Density AM/1_44-25.jpg,0
1172,/home/irene/ISEF-Project-2023/Data/Density AM/1_45-11.jpg,0
1183,/home/irene/ISEF-Project-2023/Data/Density AM/1_45-21.jpg,3
1188,/home/irene/ISEF-Project-2023/Data/Density AM/1_45-26.jpg,0
1191,/home/irene/ISEF-Project-2023/Data/Density AM/1_45-29.jpg,1
1192,/home/irene/ISEF-Project-2023/Data/Density AM/1_45-3.jpg,0
1194,/home/irene/ISEF-Project-2023/Data/Density AM/1_45-4.jpg,0
1202,/home/irene/ISEF-Project-2023/Data/Density AM/1_5-11.jpg,2
1203,/home/irene/ISEF-Project-2023/Data/Density AM/1_5-12.jpg,0
1204,/home/irene/ISEF-Project-2023/Data/Density AM/1_5-13.jpg,6
1206,/home/irene/ISEF-Project-2023/Data/Density AM/1_5-15.jpg,2
1207,/home/irene/ISEF-Project-2023/Data/Density AM/1_5-16.jpg,1
1208,/home/irene/ISEF-Project-2023/Data/Density AM/1_5-17.jpg,2
1211,/home/irene/ISEF-Project-2023/Data/Density AM/1_5-2.jpg,0
1215,/home/irene/ISEF-Project-2023/Data/Density AM/1_5-23.jpg,1
1222,/home/irene/ISEF-Project-2023/Data/Density AM/1_5-3.jpg,1
1225,/home/irene/ISEF-Project-2023/Data/Density AM/1_5-5.jpg,0
1227,/home/irene/ISEF-Project-2023/Data/Density AM/1_5-7.jpg,0
1232,/home/irene/ISEF-Project-2023/Data/Density AM/1_6-11.jpg,2
1234,/home/irene/ISEF-Project-2023/Data/Density AM/1_6-13.jpg,2
1235,/home/irene/ISEF-Project-2023/Data/Density AM/1_6-14.jpg,1
1237,/home/irene/ISEF-Project-2023/Data/Density AM/1_6-16.jpg,1
1239,/home/irene/ISEF-Project-2023/Data/Density AM/1_6-18.jpg,2
1251,/home/irene/ISEF-Project-2023/Data/Density AM/1_6-29.jpg,0
1258,/home/irene/ISEF-Project-2023/Data/Density AM/1_6-8.jpg,1
1259,/home/irene/ISEF-Project-2023/Data/Density AM/1_6-9.jpg,4
1260,/home/irene/ISEF-Project-2023/Data/Density AM/1_7-1.jpg,0
1261,/home/irene/ISEF-Project-2023/Data/Density AM/1_7-10.jpg,5
1262,/home/irene/ISEF-Project-2023/Data/Density AM/1_7-11.jpg,0
1265,/home/irene/ISEF-Project-2023/Data/Density AM/1_7-14.jpg,1
1266,/home/irene/ISEF-Project-2023/Data/Density AM/1_7-15.jpg,1
1273,/home/irene/ISEF-Project-2023/Data/Density AM/1_7-21.jpg,1
1276,/home/irene/ISEF-Project-2023/Data/Density AM/1_7-24.jpg,0
1279,/home/irene/ISEF-Project-2023/Data/Density AM/1_7-27.jpg,0
1282,/home/irene/ISEF-Project-2023/Data/Density AM/1_7-3.jpg,0
1286,/home/irene/ISEF-Project-2023/Data/Density AM/1_7-6.jpg,1
1288,/home/irene/ISEF-Project-2023/Data/Density AM/1_7-8.jpg,1
1289,/home/irene/ISEF-Project-2023/Data/Density AM/1_7-9.jpg,1
1291,/home/irene/ISEF-Project-2023/Data/Density AM/1_8-10.jpg,1
1292,/home/irene/ISEF-Project-2023/Data/Density AM/1_8-11.jpg,3
1293,/home/irene/ISEF-Project-2023/Data/Density AM/1_8-12.jpg,1
1296,/home/irene/ISEF-Project-2023/Data/Density AM/1_8-15.jpg,1
1299,/home/irene/ISEF-Project-2023/Data/Density AM/1_8-18.jpg,0
1303,/home/irene/ISEF-Project-2023/Data/Density AM/1_8-21.jpg,2
1317,/home/irene/ISEF-Project-2023/Data/Density AM/1_8-7.jpg,2
1321,/home/irene/ISEF-Project-2023/Data/Density AM/1_9-10.jpg,5
1322,/home/irene/ISEF-Project-2023/Data/Density AM/1_9-11.jpg,2
1324,/home/irene/ISEF-Project-2023/Data/Density AM/1_9-13.jpg,1
1326,/home/irene/ISEF-Project-2023/Data/Density AM/1_9-15.jpg,0
1327,/home/irene/ISEF-Project-2023/Data/Density AM/1_9-16.jpg,2
1339,/home/irene/ISEF-Project-2023/Data/Density AM/1_9-27.jpg,0
1342,/home/irene/ISEF-Project-2023/Data/Density AM/1_9-3.jpg,2
1343,/home/irene/ISEF-Project-2023/Data/Density AM/1_9-30.jpg,0
1346,/home/irene/ISEF-Project-2023/Data/Density AM/1_9-6.jpg,1
1349,/home/irene/ISEF-Project-2023/Data/Density AM/1_9-9.jpg,4
1356,/home/irene/ISEF-Project-2023/Data/Density AM/2_1-4.jpg,0
1373,/home/irene/ISEF-Project-2023/Data/Density AM/2_10-9.jpg,0
1382,/home/irene/ISEF-Project-2023/Data/Density AM/2_11-6.jpg,0
1386,/home/irene/ISEF-Project-2023/Data/Density AM/2_12-1.jpg,0
1390,/home/irene/ISEF-Project-2023/Data/Density AM/2_12-2.jpg,0
1397,/home/irene/ISEF-Project-2023/Data/Density AM/2_12-9.jpg,0
1402,/home/irene/ISEF-Project-2023/Data/Density AM/2_13-2.jpg,1
1412,/home/irene/ISEF-Project-2023/Data/Density AM/2_14-11.jpg,0
1426,/home/irene/ISEF-Project-2023/Data/Density AM/2_15-2.jpg,0
1428,/home/irene/ISEF-Project-2023/Data/Density AM/2_15-4.jpg,2
1439,/home/irene/ISEF-Project-2023/Data/Density AM/2_16-3.jpg,0
1444,/home/irene/ISEF-Project-2023/Data/Density AM/2_16-8.jpg,0
1445,/home/irene/ISEF-Project-2023/Data/Density AM/2_16-9.jpg,0
1456,/home/irene/ISEF-Project-2023/Data/Density AM/2_17-8.jpg,0
1462,/home/irene/ISEF-Project-2023/Data/Density AM/2_18-2.jpg,0
1465,/home/irene/ISEF-Project-2023/Data/Density AM/2_18-5.jpg,1
1486,/home/irene/ISEF-Project-2023/Data/Density AM/2_2-2.jpg,0
1503,/home/irene/ISEF-Project-2023/Data/Density AM/2_20-7.jpg,1
1504,/home/irene/ISEF-Project-2023/Data/Density AM/2_20-8.jpg,0
1506,/home/irene/ISEF-Project-2023/Data/Density AM/2_21-1.jpg,0
1508,/home/irene/ISEF-Project-2023/Data/Density AM/2_21-11.jpg,0
1510,/home/irene/ISEF-Project-2023/Data/Density AM/2_21-2.jpg,1
1514,/home/irene/ISEF-Project-2023/Data/Density AM/2_21-6.jpg,0
1522,/home/irene/ISEF-Project-2023/Data/Density AM/2_22-2.jpg,1
1523,/home/irene/ISEF-Project-2023/Data/Density AM/2_22-3.jpg,0
1524,/home/irene/ISEF-Project-2023/Data/Density AM/2_22-4.jpg,1
1533,/home/irene/ISEF-Project-2023/Data/Density AM/2_23-12.jpg,0
1545,/home/irene/ISEF-Project-2023/Data/Density AM/2_24-12.jpg,0
1550,/home/irene/ISEF-Project-2023/Data/Density AM/2_24-6.jpg,0
1555,/home/irene/ISEF-Project-2023/Data/Density AM/2_25-10.jpg,1
1558,/home/irene/ISEF-Project-2023/Data/Density AM/2_25-2.jpg,2
1565,/home/irene/ISEF-Project-2023/Data/Density AM/2_25-9.jpg,2
1566,/home/irene/ISEF-Project-2023/Data/Density AM/2_26-1.jpg,1
1580,/home/irene/ISEF-Project-2023/Data/Density AM/2_27-11.jpg,0
1584,/home/irene/ISEF-Project-2023/Data/Density AM/2_27-4.jpg,1
1594,/home/irene/ISEF-Project-2023/Data/Density AM/2_28-2.jpg,0
1597,/home/irene/ISEF-Project-2023/Data/Density AM/2_28-5.jpg,0
1601,/home/irene/ISEF-Project-2023/Data/Density AM/2_28-9.jpg,0
1608,/home/irene/ISEF-Project-2023/Data/Density AM/2_29-4.jpg,1
1613,/home/irene/ISEF-Project-2023/Data/Density AM/2_29-9.jpg,0
1617,/home/irene/ISEF-Project-2023/Data/Density AM/2_3-12.jpg,0
1623,/home/irene/ISEF-Project-2023/Data/Density AM/2_3-7.jpg,0
1626,/home/irene/ISEF-Project-2023/Data/Density AM/2_30-1.jpg,0
1629,/home/irene/ISEF-Project-2023/Data/Density AM/2_30-12.jpg,0
1644,/home/irene/ISEF-Project-2023/Data/Density AM/2_31-4.jpg,0
1661,/home/irene/ISEF-Project-2023/Data/Density AM/2_32-9.jpg,0
1667,/home/irene/ISEF-Project-2023/Data/Density AM/2_33-3.jpg,0
1672,/home/irene/ISEF-Project-2023/Data/Density AM/2_33-8.jpg,1
1682,/home/irene/ISEF-Project-2023/Data/Density AM/2_34-6.jpg,0
1686,/home/irene/ISEF-Project-2023/Data/Density AM/2_35-1.jpg,0
1688,/home/irene/ISEF-Project-2023/Data/Density AM/2_35-11.jpg,0
1694,/home/irene/ISEF-Project-2023/Data/Density AM/2_35-6.jpg,0
1702,/home/irene/ISEF-Project-2023/Data/Density AM/2_36-2.jpg,0
1704,/home/irene/ISEF-Project-2023/Data/Density AM/2_36-4.jpg,0
1705,/home/irene/ISEF-Project-2023/Data/Density AM/2_36-5.jpg,2
1706,/home/irene/ISEF-Project-2023/Data/Density AM/2_36-6.jpg,1
1718,/home/irene/ISEF-Project-2023/Data/Density AM/2_37-6.jpg,1
1729,/home/irene/ISEF-Project-2023/Data/Density AM/2_38-5.jpg,2
1737,/home/irene/ISEF-Project-2023/Data/Density AM/2_39-12.jpg,0
1738,/home/irene/ISEF-Project-2023/Data/Density AM/2_39-2.jpg,1
1741,/home/irene/ISEF-Project-2023/Data/Density AM/2_39-5.jpg,0
1749,/home/irene/ISEF-Project-2023/Data/Density AM/2_4-12.jpg,0
1755,/home/irene/ISEF-Project-2023/Data/Density AM/2_4-7.jpg,0
1763,/home/irene/ISEF-Project-2023/Data/Density AM/2_40-3.jpg,0
1765,/home/irene/ISEF-Project-2023/Data/Density AM/2_40-5.jpg,1
1767,/home/irene/ISEF-Project-2023/Data/Density AM/2_40-7.jpg,0
1777,/home/irene/ISEF-Project-2023/Data/Density AM/2_41-5.jpg,0
1781,/home/irene/ISEF-Project-2023/Data/Density AM/2_41-9.jpg,1
1782,/home/irene/ISEF-Project-2023/Data/Density AM/2_42-1.jpg,0
1789,/home/irene/ISEF-Project-2023/Data/Density AM/2_42-5.jpg,3
1801,/home/irene/ISEF-Project-2023/Data/Density AM/2_43-5.jpg,0
1808,/home/irene/ISEF-Project-2023/Data/Density AM/2_44-11.jpg,0
1809,/home/irene/ISEF-Project-2023/Data/Density AM/2_44-12.jpg,1
1817,/home/irene/ISEF-Project-2023/Data/Density AM/2_44-9.jpg,2
1819,/home/irene/ISEF-Project-2023/Data/Density AM/2_45-10.jpg,3
1821,/home/irene/ISEF-Project-2023/Data/Density AM/2_45-12.jpg,0
1829,/home/irene/ISEF-Project-2023/Data/Density AM/2_45-9.jpg,0
1838,/home/irene/ISEF-Project-2023/Data/Density AM/2_46-6.jpg,0
1842,/home/irene/ISEF-Project-2023/Data/Density AM/2_47-1.jpg,0
1850,/home/irene/ISEF-Project-2023/Data/Density AM/2_47-6.jpg,0
1851,/home/irene/ISEF-Project-2023/Data/Density AM/2_47-7.jpg,0
1853,/home/irene/ISEF-Project-2023/Data/Density AM/2_47-9.jpg,0
1876,/home/irene/ISEF-Project-2023/Data/Density AM/2_49-8.jpg,0
1887,/home/irene/ISEF-Project-2023/Data/Density AM/2_5-7.jpg,0
1895,/home/irene/ISEF-Project-2023/Data/Density AM/2_50-3.jpg,0
1899,/home/irene/ISEF-Project-2023/Data/Density AM/2_50-7.jpg,1
1900,/home/irene/ISEF-Project-2023/Data/Density AM/2_50-8.jpg,1
1919,/home/irene/ISEF-Project-2023/Data/Density AM/2_52-3.jpg,0
1923,/home/irene/ISEF-Project-2023/Data/Density AM/2_52-7.jpg,1
1924,/home/irene/ISEF-Project-2023/Data/Density AM/2_52-8.jpg,0
1932,/home/irene/ISEF-Project-2023/Data/Density AM/2_53-4.jpg,0
1934,/home/irene/ISEF-Project-2023/Data/Density AM/2_53-6.jpg,1
1947,/home/irene/ISEF-Project-2023/Data/Density AM/2_54-7.jpg,0
1959,/home/irene/ISEF-Project-2023/Data/Density AM/2_55-7.jpg,1
1961,/home/irene/ISEF-Project-2023/Data/Density AM/2_55-9.jpg,0
1971,/home/irene/ISEF-Project-2023/Data/Density AM/2_56-7.jpg,1
1978,/home/irene/ISEF-Project-2023/Data/Density AM/2_57-2.jpg,0
1981,/home/irene/ISEF-Project-2023/Data/Density AM/2_57-5.jpg,3
1995,/home/irene/ISEF-Project-2023/Data/Density AM/2_58-7.jpg,7
2004,/home/irene/ISEF-Project-2023/Data/Density AM/2_59-4.jpg,0
2006,/home/irene/ISEF-Project-2023/Data/Density AM/2_59-6.jpg,1
2007,/home/irene/ISEF-Project-2023/Data/Density AM/2_59-7.jpg,2
2008,/home/irene/ISEF-Project-2023/Data/Density AM/2_59-8.jpg,0
2014,/home/irene/ISEF-Project-2023/Data/Density AM/2_6-2.jpg,0
2034,/home/irene/ISEF-Project-2023/Data/Density AM/2_61-1.jpg,0
2040,/home/irene/ISEF-Project-2023/Data/Density AM/2_61-4.jpg,1
2045,/home/irene/ISEF-Project-2023/Data/Density AM/2_61-9.jpg,1
2057,/home/irene/ISEF-Project-2023/Data/Density AM/2_62-9.jpg,1
2064,/home/irene/ISEF-Project-2023/Data/Density AM/2_63-4.jpg,0
2066,/home/irene/ISEF-Project-2023/Data/Density AM/2_63-6.jpg,10
2067,/home/irene/ISEF-Project-2023/Data/Density AM/2_63-7.jpg,1
2077,/home/irene/ISEF-Project-2023/Data/Density AM/2_64-5.jpg,1
2086,/home/irene/ISEF-Project-2023/Data/Density AM/2_65-2.jpg,0
2089,/home/irene/ISEF-Project-2023/Data/Density AM/2_65-5.jpg,1
2092,/home/irene/ISEF-Project-2023/Data/Density AM/2_65-8.jpg,1
2093,/home/irene/ISEF-Project-2023/Data/Density AM/2_65-9.jpg,0
2118,/home/irene/ISEF-Project-2023/Data/Density AM/2_68-1.jpg,0
2122,/home/irene/ISEF-Project-2023/Data/Density AM/2_68-2.jpg,0
2126,/home/irene/ISEF-Project-2023/Data/Density AM/2_68-6.jpg,1
2132,/home/irene/ISEF-Project-2023/Data/Density AM/2_69-11.jpg,0
2137,/home/irene/ISEF-Project-2023/Data/Density AM/2_69-5.jpg,8
2141,/home/irene/ISEF-Project-2023/Data/Density AM/2_69-9.jpg,1
2165,/home/irene/ISEF-Project-2023/Data/Density AM/2_70-9.jpg,1
2168,/home/irene/ISEF-Project-2023/Data/Density AM/2_71-11.jpg,1
2178,/home/irene/ISEF-Project-2023/Data/Density AM/2_72-1.jpg,0
2184,/home/irene/ISEF-Project-2023/Data/Density AM/2_72-4.jpg,1
2185,/home/irene/ISEF-Project-2023/Data/Density AM/2_72-5.jpg,1
2186,/home/irene/ISEF-Project-2023/Data/Density AM/2_72-6.jpg,1
2202,/home/irene/ISEF-Project-2023/Data/Density AM/2_74-1.jpg,0
2204,/home/irene/ISEF-Project-2023/Data/Density AM/2_74-11.jpg,1
2210,/home/irene/ISEF-Project-2023/Data/Density AM/2_74-6.jpg,1
2217,/home/irene/ISEF-Project-2023/Data/Density AM/2_75-12.jpg,1
2220,/home/irene/ISEF-Project-2023/Data/Density AM/2_75-4.jpg,0
2232,/home/irene/ISEF-Project-2023/Data/Density AM/2_76-4.jpg,0
2237,/home/irene/ISEF-Project-2023/Data/Density AM/2_76-9.jpg,0
2238,/home/irene/ISEF-Project-2023/Data/Density AM/2_77-1.jpg,0
2266,/home/irene/ISEF-Project-2023/Data/Density AM/2_79-2.jpg,0
2268,/home/irene/ISEF-Project-2023/Data/Density AM/2_79-4.jpg,0
2285,/home/irene/ISEF-Project-2023/Data/Density AM/2_8-9.jpg,0
2289,/home/irene/ISEF-Project-2023/Data/Density AM/2_80-12.jpg,0
2293,/home/irene/ISEF-Project-2023/Data/Density AM/2_80-5.jpg,0
2300,/home/irene/ISEF-Project-2023/Data/Density AM/2_9-11.jpg,0
2305,/home/irene/ISEF-Project-2023/Data/Density AM/2_9-5.jpg,0
2311,/home/irene/ISEF-Project-2023/Data/Density AM/3_1-10.jpg,0
2320,/home/irene/ISEF-Project-2023/Data/Density AM/3_1-19.jpg,0
2346,/home/irene/ISEF-Project-2023/Data/Density AM/3_1-7.jpg,1
2349,/home/irene/ISEF-Project-2023/Data/Density AM/3_10-1.jpg,1
2352,/home/irene/ISEF-Project-2023/Data/Density AM/3_10-12.jpg,0
2358,/home/irene/ISEF-Project-2023/Data/Density AM/3_10-18.jpg,0
2360,/home/irene/ISEF-Project-2023/Data/Density AM/3_10-2.jpg,0
2370,/home/irene/ISEF-Project-2023/Data/Density AM/3_10-29.jpg,0
2385,/home/irene/ISEF-Project-2023/Data/Density AM/3_10-7.jpg,0
2392,/home/irene/ISEF-Project-2023/Data/Density AM/3_11-13.jpg,0
2393,/home/irene/ISEF-Project-2023/Data/Density AM/3_11-14.jpg,1
2402,/home/irene/ISEF-Project-2023/Data/Density AM/3_11-22.jpg,0
2425,/home/irene/ISEF-Project-2023/Data/Density AM/3_11-8.jpg,0
2427,/home/irene/ISEF-Project-2023/Data/Density AM/3_12-1.jpg,0
2441,/home/irene/ISEF-Project-2023/Data/Density AM/3_12-22.jpg,0
2455,/home/irene/ISEF-Project-2023/Data/Density AM/3_12-35.jpg,0
2461,/home/irene/ISEF-Project-2023/Data/Density AM/3_12-5.jpg,0
2466,/home/irene/ISEF-Project-2023/Data/Density AM/3_13-1.jpg,3
2475,/home/irene/ISEF-Project-2023/Data/Density AM/3_13-18.jpg,0
2477,/home/irene/ISEF-Project-2023/Data/Density AM/3_13-2.jpg,0
2480,/home/irene/ISEF-Project-2023/Data/Density AM/3_13-22.jpg,0
2489,/home/irene/ISEF-Project-2023/Data/Density AM/3_13-30.jpg,0
2500,/home/irene/ISEF-Project-2023/Data/Density AM/3_13-5.jpg,0
2504,/home/irene/ISEF-Project-2023/Data/Density AM/3_13-9.jpg,0
2505,/home/irene/ISEF-Project-2023/Data/Density AM/3_14-1.jpg,1
2512,/home/irene/ISEF-Project-2023/Data/Density AM/3_14-16.jpg,1
2516,/home/irene/ISEF-Project-2023/Data/Density AM/3_14-2.jpg,2
2517,/home/irene/ISEF-Project-2023/Data/Density AM/3_14-20.jpg,0
2530,/home/irene/ISEF-Project-2023/Data/Density AM/3_14-32.jpg,0
2539,/home/irene/ISEF-Project-2023/Data/Density AM/3_14-5.jpg,0
2540,/home/irene/ISEF-Project-2023/Data/Density AM/3_14-6.jpg,0
2543,/home/irene/ISEF-Project-2023/Data/Density AM/3_14-9.jpg,3
2558,/home/irene/ISEF-Project-2023/Data/Density AM/3_15-22.jpg,0
2579,/home/irene/ISEF-Project-2023/Data/Density AM/3_15-6.jpg,1
2581,/home/irene/ISEF-Project-2023/Data/Density AM/3_15-8.jpg,1
2588,/home/irene/ISEF-Project-2023/Data/Density AM/3_16-14.jpg,1
2593,/home/irene/ISEF-Project-2023/Data/Density AM/3_16-19.jpg,0
2594,/home/irene/ISEF-Project-2023/Data/Density AM/3_16-2.jpg,0
2605,/home/irene/ISEF-Project-2023/Data/Density AM/3_16-3.jpg,1
2616,/home/irene/ISEF-Project-2023/Data/Density AM/3_16-4.jpg,1
2622,/home/irene/ISEF-Project-2023/Data/Density AM/3_17-1.jpg,1
2626,/home/irene/ISEF-Project-2023/Data/Density AM/3_17-13.jpg,0
2627,/home/irene/ISEF-Project-2023/Data/Density AM/3_17-14.jpg,3
2629,/home/irene/ISEF-Project-2023/Data/Density AM/3_17-16.jpg,0
2631,/home/irene/ISEF-Project-2023/Data/Density AM/3_17-18.jpg,0
2632,/home/irene/ISEF-Project-2023/Data/Density AM/3_17-19.jpg,0
2640,/home/irene/ISEF-Project-2023/Data/Density AM/3_17-26.jpg,0
2655,/home/irene/ISEF-Project-2023/Data/Density AM/3_17-4.jpg,2
2658,/home/irene/ISEF-Project-2023/Data/Density AM/3_17-7.jpg,0
2665,/home/irene/ISEF-Project-2023/Data/Density AM/3_18-13.jpg,0
2666,/home/irene/ISEF-Project-2023/Data/Density AM/3_18-14.jpg,2
2667,/home/irene/ISEF-Project-2023/Data/Density AM/3_18-15.jpg,0
2687,/home/irene/ISEF-Project-2023/Data/Density AM/3_18-33.jpg,0
2695,/home/irene/ISEF-Project-2023/Data/Density AM/3_18-5.jpg,0
2697,/home/irene/ISEF-Project-2023/Data/Density AM/3_18-7.jpg,0
2698,/home/irene/ISEF-Project-2023/Data/Density AM/3_18-8.jpg,2
2702,/home/irene/ISEF-Project-2023/Data/Density AM/3_19-11.jpg,1
2721,/home/irene/ISEF-Project-2023/Data/Density AM/3_19-29.jpg,0
2723,/home/irene/ISEF-Project-2023/Data/Density AM/3_19-30.jpg,0
2736,/home/irene/ISEF-Project-2023/Data/Density AM/3_19-7.jpg,2
2741,/home/irene/ISEF-Project-2023/Data/Density AM/3_2-11.jpg,0
2744,/home/irene/ISEF-Project-2023/Data/Density AM/3_2-14.jpg,1
2772,/home/irene/ISEF-Project-2023/Data/Density AM/3_2-4.jpg,0
2774,/home/irene/ISEF-Project-2023/Data/Density AM/3_2-6.jpg,0
2783,/home/irene/ISEF-Project-2023/Data/Density AM/3_20-14.jpg,1
2786,/home/irene/ISEF-Project-2023/Data/Density AM/3_20-17.jpg,1
2794,/home/irene/ISEF-Project-2023/Data/Density AM/3_20-24.jpg,0
2795,/home/irene/ISEF-Project-2023/Data/Density AM/3_20-25.jpg,0
2802,/home/irene/ISEF-Project-2023/Data/Density AM/3_20-31.jpg,0
2806,/home/irene/ISEF-Project-2023/Data/Density AM/3_20-35.jpg,0
2822,/home/irene/ISEF-Project-2023/Data/Density AM/3_21-14.jpg,3
2838,/home/irene/ISEF-Project-2023/Data/Density AM/3_21-29.jpg,0
2839,/home/irene/ISEF-Project-2023/Data/Density AM/3_21-3.jpg,1
2849,/home/irene/ISEF-Project-2023/Data/Density AM/3_21-39.jpg,0
2865,/home/irene/ISEF-Project-2023/Data/Density AM/3_22-18.jpg,0
2867,/home/irene/ISEF-Project-2023/Data/Density AM/3_22-2.jpg,0
2868,/home/irene/ISEF-Project-2023/Data/Density AM/3_22-20.jpg,0
2888,/home/irene/ISEF-Project-2023/Data/Density AM/3_22-39.jpg,0
2896,/home/irene/ISEF-Project-2023/Data/Density AM/3_23-10.jpg,1
2897,/home/irene/ISEF-Project-2023/Data/Density AM/3_23-11.jpg,0
2903,/home/irene/ISEF-Project-2023/Data/Density AM/3_23-17.jpg,2
2907,/home/irene/ISEF-Project-2023/Data/Density AM/3_23-20.jpg,1
2908,/home/irene/ISEF-Project-2023/Data/Density AM/3_23-21.jpg,0
2909,/home/irene/ISEF-Project-2023/Data/Density AM/3_23-22.jpg,0
2915,/home/irene/ISEF-Project-2023/Data/Density AM/3_23-28.jpg,0
2916,/home/irene/ISEF-Project-2023/Data/Density AM/3_23-29.jpg,0
2931,/home/irene/ISEF-Project-2023/Data/Density AM/3_23-7.jpg,1
2936,/home/irene/ISEF-Project-2023/Data/Density AM/3_24-11.jpg,0
2939,/home/irene/ISEF-Project-2023/Data/Density AM/3_24-14.jpg,0
2940,/home/irene/ISEF-Project-2023/Data/Density AM/3_24-15.jpg,0
2943,/home/irene/ISEF-Project-2023/Data/Density AM/3_24-18.jpg,3
2960,/home/irene/ISEF-Project-2023/Data/Density AM/3_24-33.jpg,0
2967,/home/irene/ISEF-Project-2023/Data/Density AM/3_24-4.jpg,1
2969,/home/irene/ISEF-Project-2023/Data/Density AM/3_24-6.jpg,1
2970,/home/irene/ISEF-Project-2023/Data/Density AM/3_24-7.jpg,0
2972,/home/irene/ISEF-Project-2023/Data/Density AM/3_24-9.jpg,1
2980,/home/irene/ISEF-Project-2023/Data/Density AM/3_25-16.jpg,0
2984,/home/irene/ISEF-Project-2023/Data/Density AM/3_25-2.jpg,0
2986,/home/irene/ISEF-Project-2023/Data/Density AM/3_25-21.jpg,1
2987,/home/irene/ISEF-Project-2023/Data/Density AM/3_25-22.jpg,0
2989,/home/irene/ISEF-Project-2023/Data/Density AM/3_25-24.jpg,0
2991,/home/irene/ISEF-Project-2023/Data/Density AM/3_25-26.jpg,0
2994,/home/irene/ISEF-Project-2023/Data/Density AM/3_25-29.jpg,0
2995,/home/irene/ISEF-Project-2023/Data/Density AM/3_25-3.jpg,2
2999,/home/irene/ISEF-Project-2023/Data/Density AM/3_25-33.jpg,0
3000,/home/irene/ISEF-Project-2023/Data/Density AM/3_25-34.jpg,0
3007,/home/irene/ISEF-Project-2023/Data/Density AM/3_25-5.jpg,0
3013,/home/irene/ISEF-Project-2023/Data/Density AM/3_26-10.jpg,2
3027,/home/irene/ISEF-Project-2023/Data/Density AM/3_26-23.jpg,0
3033,/home/irene/ISEF-Project-2023/Data/Density AM/3_26-29.jpg,0
3037,/home/irene/ISEF-Project-2023/Data/Density AM/3_26-32.jpg,0
3050,/home/irene/ISEF-Project-2023/Data/Density AM/3_26-9.jpg,2
3053,/home/irene/ISEF-Project-2023/Data/Density AM/3_27-11.jpg,0
3055,/home/irene/ISEF-Project-2023/Data/Density AM/3_27-13.jpg,0
3065,/home/irene/ISEF-Project-2023/Data/Density AM/3_27-22.jpg,6
3066,/home/irene/ISEF-Project-2023/Data/Density AM/3_27-23.jpg,1
3067,/home/irene/ISEF-Project-2023/Data/Density AM/3_27-24.jpg,1
3083,/home/irene/ISEF-Project-2023/Data/Density AM/3_27-39.jpg,0
3084,/home/irene/ISEF-Project-2023/Data/Density AM/3_27-4.jpg,1
3085,/home/irene/ISEF-Project-2023/Data/Density AM/3_27-5.jpg,0
3088,/home/irene/ISEF-Project-2023/Data/Density AM/3_27-8.jpg,0
3089,/home/irene/ISEF-Project-2023/Data/Density AM/3_27-9.jpg,0
3097,/home/irene/ISEF-Project-2023/Data/Density AM/3_28-16.jpg,1
3098,/home/irene/ISEF-Project-2023/Data/Density AM/3_28-17.jpg,1
3107,/home/irene/ISEF-Project-2023/Data/Density AM/3_28-25.jpg,3
3108,/home/irene/ISEF-Project-2023/Data/Density AM/3_28-26.jpg,1
3109,/home/irene/ISEF-Project-2023/Data/Density AM/3_28-27.jpg,1
3110,/home/irene/ISEF-Project-2023/Data/Density AM/3_28-28.jpg,0
3117,/home/irene/ISEF-Project-2023/Data/Density AM/3_28-34.jpg,0
3123,/home/irene/ISEF-Project-2023/Data/Density AM/3_28-4.jpg,0
3128,/home/irene/ISEF-Project-2023/Data/Density AM/3_28-9.jpg,0
3136,/home/irene/ISEF-Project-2023/Data/Density AM/3_29-16.jpg,1
3137,/home/irene/ISEF-Project-2023/Data/Density AM/3_29-17.jpg,0
3139,/home/irene/ISEF-Project-2023/Data/Density AM/3_29-19.jpg,0
3143,/home/irene/ISEF-Project-2023/Data/Density AM/3_29-22.jpg,0
3156,/home/irene/ISEF-Project-2023/Data/Density AM/3_29-34.jpg,0
3157,/home/irene/ISEF-Project-2023/Data/Density AM/3_29-35.jpg,0
3159,/home/irene/ISEF-Project-2023/Data/Density AM/3_29-37.jpg,0
3162,/home/irene/ISEF-Project-2023/Data/Density AM/3_29-4.jpg,0
3165,/home/irene/ISEF-Project-2023/Data/Density AM/3_29-7.jpg,1
3169,/home/irene/ISEF-Project-2023/Data/Density AM/3_3-10.jpg,0
3172,/home/irene/ISEF-Project-2023/Data/Density AM/3_3-13.jpg,0
3174,/home/irene/ISEF-Project-2023/Data/Density AM/3_3-15.jpg,1
3185,/home/irene/ISEF-Project-2023/Data/Density AM/3_3-25.jpg,0
3189,/home/irene/ISEF-Project-2023/Data/Density AM/3_3-29.jpg,0
3204,/home/irene/ISEF-Project-2023/Data/Density AM/3_3-7.jpg,0
3213,/home/irene/ISEF-Project-2023/Data/Density AM/3_30-15.jpg,1
3219,/home/irene/ISEF-Project-2023/Data/Density AM/3_30-20.jpg,0
3226,/home/irene/ISEF-Project-2023/Data/Density AM/3_30-27.jpg,3
3227,/home/irene/ISEF-Project-2023/Data/Density AM/3_30-28.jpg,0
3230,/home/irene/ISEF-Project-2023/Data/Density AM/3_30-30.jpg,0
3252,/home/irene/ISEF-Project-2023/Data/Density AM/3_31-15.jpg,0
3261,/home/irene/ISEF-Project-2023/Data/Density AM/3_31-23.jpg,0
3262,/home/irene/ISEF-Project-2023/Data/Density AM/3_31-24.jpg,0
3263,/home/irene/ISEF-Project-2023/Data/Density AM/3_31-25.jpg,0
3265,/home/irene/ISEF-Project-2023/Data/Density AM/3_31-27.jpg,1
3286,/home/irene/ISEF-Project-2023/Data/Density AM/3_32-10.jpg,0
3292,/home/irene/ISEF-Project-2023/Data/Density AM/3_32-16.jpg,1
3294,/home/irene/ISEF-Project-2023/Data/Density AM/3_32-18.jpg,0
3325,/home/irene/ISEF-Project-2023/Data/Density AM/3_33-10.jpg,0
3330,/home/irene/ISEF-Project-2023/Data/Density AM/3_33-15.jpg,1
3347,/home/irene/ISEF-Project-2023/Data/Density AM/3_33-30.jpg,0
3368,/home/irene/ISEF-Project-2023/Data/Density AM/3_34-14.jpg,3
3389,/home/irene/ISEF-Project-2023/Data/Density AM/3_34-33.jpg,0
3400,/home/irene/ISEF-Project-2023/Data/Density AM/3_34-8.jpg,0
3408,/home/irene/ISEF-Project-2023/Data/Density AM/3_35-15.jpg,1
3409,/home/irene/ISEF-Project-2023/Data/Density AM/3_35-16.jpg,9
3410,/home/irene/ISEF-Project-2023/Data/Density AM/3_35-17.jpg,0
3412,/home/irene/ISEF-Project-2023/Data/Density AM/3_35-19.jpg,0
3419,/home/irene/ISEF-Project-2023/Data/Density AM/3_35-25.jpg,0
3425,/home/irene/ISEF-Project-2023/Data/Density AM/3_35-30.jpg,0
3434,/home/irene/ISEF-Project-2023/Data/Density AM/3_35-39.jpg,0
3442,/home/irene/ISEF-Project-2023/Data/Density AM/3_36-10.jpg,0
3475,/home/irene/ISEF-Project-2023/Data/Density AM/3_36-5.jpg,0
3485,/home/irene/ISEF-Project-2023/Data/Density AM/3_37-14.jpg,1
3486,/home/irene/ISEF-Project-2023/Data/Density AM/3_37-15.jpg,0
3488,/home/irene/ISEF-Project-2023/Data/Density AM/3_37-17.jpg,2
3491,/home/irene/ISEF-Project-2023/Data/Density AM/3_37-2.jpg,0
3492,/home/irene/ISEF-Project-2023/Data/Density AM/3_37-20.jpg,0
3526,/home/irene/ISEF-Project-2023/Data/Density AM/3_38-16.jpg,0
3529,/home/irene/ISEF-Project-2023/Data/Density AM/3_38-19.jpg,0
3541,/home/irene/ISEF-Project-2023/Data/Density AM/3_38-3.jpg,0
3563,/home/irene/ISEF-Project-2023/Data/Density AM/3_39-14.jpg,1
3564,/home/irene/ISEF-Project-2023/Data/Density AM/3_39-15.jpg,10
3565,/home/irene/ISEF-Project-2023/Data/Density AM/3_39-16.jpg,1
3566,/home/irene/ISEF-Project-2023/Data/Density AM/3_39-17.jpg,0
3580,/home/irene/ISEF-Project-2023/Data/Density AM/3_39-3.jpg,0
3586,/home/irene/ISEF-Project-2023/Data/Density AM/3_39-35.jpg,0
3599,/home/irene/ISEF-Project-2023/Data/Density AM/3_4-11.jpg,1
3607,/home/irene/ISEF-Project-2023/Data/Density AM/3_4-19.jpg,0
3625,/home/irene/ISEF-Project-2023/Data/Density AM/3_4-35.jpg,0
3628,/home/irene/ISEF-Project-2023/Data/Density AM/3_4-38.jpg,0
3631,/home/irene/ISEF-Project-2023/Data/Density AM/3_4-5.jpg,1
3641,/home/irene/ISEF-Project-2023/Data/Density AM/3_40-14.jpg,1
3648,/home/irene/ISEF-Project-2023/Data/Density AM/3_40-20.jpg,0
3672,/home/irene/ISEF-Project-2023/Data/Density AM/3_40-7.jpg,0
3683,/home/irene/ISEF-Project-2023/Data/Density AM/3_41-17.jpg,1
3684,/home/irene/ISEF-Project-2023/Data/Density AM/3_41-18.jpg,0
3693,/home/irene/ISEF-Project-2023/Data/Density AM/3_41-26.jpg,0
3696,/home/irene/ISEF-Project-2023/Data/Density AM/3_41-29.jpg,0
3697,/home/irene/ISEF-Project-2023/Data/Density AM/3_41-3.jpg,0
3713,/home/irene/ISEF-Project-2023/Data/Density AM/3_41-9.jpg,0
3759,/home/irene/ISEF-Project-2023/Data/Density AM/3_43-15.jpg,1
3761,/home/irene/ISEF-Project-2023/Data/Density AM/3_43-17.jpg,0
3775,/home/irene/ISEF-Project-2023/Data/Density AM/3_43-3.jpg,0
3797,/home/irene/ISEF-Project-2023/Data/Density AM/3_44-14.jpg,8
3801,/home/irene/ISEF-Project-2023/Data/Density AM/3_44-18.jpg,2
3802,/home/irene/ISEF-Project-2023/Data/Density AM/3_44-19.jpg,0
3804,/home/irene/ISEF-Project-2023/Data/Density AM/3_44-20.jpg,0
3807,/home/irene/ISEF-Project-2023/Data/Density AM/3_44-23.jpg,0
3809,/home/irene/ISEF-Project-2023/Data/Density AM/3_44-25.jpg,0
3815,/home/irene/ISEF-Project-2023/Data/Density AM/3_44-30.jpg,0
3816,/home/irene/ISEF-Project-2023/Data/Density AM/3_44-31.jpg,0
3841,/home/irene/ISEF-Project-2023/Data/Density AM/3_45-19.jpg,1
3845,/home/irene/ISEF-Project-2023/Data/Density AM/3_45-22.jpg,1
3846,/home/irene/ISEF-Project-2023/Data/Density AM/3_45-23.jpg,0
3848,/home/irene/ISEF-Project-2023/Data/Density AM/3_45-25.jpg,0
3864,/home/irene/ISEF-Project-2023/Data/Density AM/3_45-4.jpg,0
3874,/home/irene/ISEF-Project-2023/Data/Density AM/3_46-13.jpg,1
3875,/home/irene/ISEF-Project-2023/Data/Density AM/3_46-14.jpg,1
3876,/home/irene/ISEF-Project-2023/Data/Density AM/3_46-15.jpg,1
3883,/home/irene/ISEF-Project-2023/Data/Density AM/3_46-21.jpg,0
3884,/home/irene/ISEF-Project-2023/Data/Density AM/3_46-22.jpg,3
3885,/home/irene/ISEF-Project-2023/Data/Density AM/3_46-23.jpg,1
3886,/home/irene/ISEF-Project-2023/Data/Density AM/3_46-24.jpg,1
3902,/home/irene/ISEF-Project-2023/Data/Density AM/3_46-39.jpg,0
3907,/home/irene/ISEF-Project-2023/Data/Density AM/3_46-8.jpg,0
3909,/home/irene/ISEF-Project-2023/Data/Density AM/3_47-1.jpg,0
3915,/home/irene/ISEF-Project-2023/Data/Density AM/3_47-15.jpg,1
3916,/home/irene/ISEF-Project-2023/Data/Density AM/3_47-16.jpg,0
3922,/home/irene/ISEF-Project-2023/Data/Density AM/3_47-21.jpg,1
3923,/home/irene/ISEF-Project-2023/Data/Density AM/3_47-22.jpg,1
3924,/home/irene/ISEF-Project-2023/Data/Density AM/3_47-23.jpg,0
3926,/home/irene/ISEF-Project-2023/Data/Density AM/3_47-25.jpg,1
3928,/home/irene/ISEF-Project-2023/Data/Density AM/3_47-27.jpg,0
3931,/home/irene/ISEF-Project-2023/Data/Density AM/3_47-3.jpg,0
3940,/home/irene/ISEF-Project-2023/Data/Density AM/3_47-38.jpg,0
3943,/home/irene/ISEF-Project-2023/Data/Density AM/3_47-5.jpg,0
3944,/home/irene/ISEF-Project-2023/Data/Density AM/3_47-6.jpg,0
3949,/home/irene/ISEF-Project-2023/Data/Density AM/3_48-10.jpg,0
3950,/home/irene/ISEF-Project-2023/Data/Density AM/3_48-11.jpg,0
3958,/home/irene/ISEF-Project-2023/Data/Density AM/3_48-19.jpg,1
3959,/home/irene/ISEF-Project-2023/Data/Density AM/3_48-2.jpg,0
3965,/home/irene/ISEF-Project-2023/Data/Density AM/3_48-25.jpg,2
3966,/home/irene/ISEF-Project-2023/Data/Density AM/3_48-26.jpg,2
3977,/home/irene/ISEF-Project-2023/Data/Density AM/3_48-36.jpg,0
3981,/home/irene/ISEF-Project-2023/Data/Density AM/3_48-4.jpg,0
3999,/home/irene/ISEF-Project-2023/Data/Density AM/3_49-20.jpg,1
4009,/home/irene/ISEF-Project-2023/Data/Density AM/3_49-3.jpg,0
4028,/home/irene/ISEF-Project-2023/Data/Density AM/3_5-11.jpg,1
4030,/home/irene/ISEF-Project-2023/Data/Density AM/3_5-13.jpg,1
4037,/home/irene/ISEF-Project-2023/Data/Density AM/3_5-2.jpg,2
4048,/home/irene/ISEF-Project-2023/Data/Density AM/3_5-3.jpg,1
4053,/home/irene/ISEF-Project-2023/Data/Density AM/3_5-34.jpg,0
4071,/home/irene/ISEF-Project-2023/Data/Density AM/3_50-15.jpg,0
4074,/home/irene/ISEF-Project-2023/Data/Density AM/3_50-18.jpg,0
4080,/home/irene/ISEF-Project-2023/Data/Density AM/3_50-23.jpg,0
4081,/home/irene/ISEF-Project-2023/Data/Density AM/3_50-24.jpg,0
4090,/home/irene/ISEF-Project-2023/Data/Density AM/3_50-32.jpg,0
4105,/home/irene/ISEF-Project-2023/Data/Density AM/3_51-10.jpg,0
4108,/home/irene/ISEF-Project-2023/Data/Density AM/3_51-13.jpg,0
4122,/home/irene/ISEF-Project-2023/Data/Density AM/3_51-26.jpg,1
4132,/home/irene/ISEF-Project-2023/Data/Density AM/3_51-35.jpg,0
4157,/home/irene/ISEF-Project-2023/Data/Density AM/3_52-22.jpg,2
4170,/home/irene/ISEF-Project-2023/Data/Density AM/3_52-34.jpg,0
4171,/home/irene/ISEF-Project-2023/Data/Density AM/3_52-35.jpg,0
4174,/home/irene/ISEF-Project-2023/Data/Density AM/3_52-38.jpg,0
4189,/home/irene/ISEF-Project-2023/Data/Density AM/3_53-16.jpg,2
4195,/home/irene/ISEF-Project-2023/Data/Density AM/3_53-21.jpg,1
4199,/home/irene/ISEF-Project-2023/Data/Density AM/3_53-25.jpg,2
4200,/home/irene/ISEF-Project-2023/Data/Density AM/3_53-26.jpg,3
4214,/home/irene/ISEF-Project-2023/Data/Density AM/3_53-39.jpg,0
4215,/home/irene/ISEF-Project-2023/Data/Density AM/3_53-4.jpg,0
4225,/home/irene/ISEF-Project-2023/Data/Density AM/3_54-13.jpg,0
4228,/home/irene/ISEF-Project-2023/Data/Density AM/3_54-16.jpg,0
4229,/home/irene/ISEF-Project-2023/Data/Density AM/3_54-17.jpg,0
4231,/home/irene/ISEF-Project-2023/Data/Density AM/3_54-19.jpg,0
4233,/home/irene/ISEF-Project-2023/Data/Density AM/3_54-20.jpg,0
4235,/home/irene/ISEF-Project-2023/Data/Density AM/3_54-22.jpg,0
4238,/home/irene/ISEF-Project-2023/Data/Density AM/3_54-25.jpg,1
4255,/home/irene/ISEF-Project-2023/Data/Density AM/3_54-5.jpg,0
4257,/home/irene/ISEF-Project-2023/Data/Density AM/3_54-7.jpg,0
4269,/home/irene/ISEF-Project-2023/Data/Density AM/3_55-18.jpg,0
4270,/home/irene/ISEF-Project-2023/Data/Density AM/3_55-19.jpg,0
4275,/home/irene/ISEF-Project-2023/Data/Density AM/3_55-23.jpg,4
4276,/home/irene/ISEF-Project-2023/Data/Density AM/3_55-24.jpg,1
4282,/home/irene/ISEF-Project-2023/Data/Density AM/3_55-3.jpg,0
4295,/home/irene/ISEF-Project-2023/Data/Density AM/3_55-6.jpg,0
4317,/home/irene/ISEF-Project-2023/Data/Density AM/3_56-26.jpg,0
4325,/home/irene/ISEF-Project-2023/Data/Density AM/3_56-33.jpg,0
4328,/home/irene/ISEF-Project-2023/Data/Density AM/3_56-36.jpg,0
4329,/home/irene/ISEF-Project-2023/Data/Density AM/3_56-37.jpg,0
4330,/home/irene/ISEF-Project-2023/Data/Density AM/3_56-38.jpg,0
4336,/home/irene/ISEF-Project-2023/Data/Density AM/3_56-8.jpg,0
4338,/home/irene/ISEF-Project-2023/Data/Density AM/3_57-1.jpg,0
4352,/home/irene/ISEF-Project-2023/Data/Density AM/3_57-22.jpg,2
4353,/home/irene/ISEF-Project-2023/Data/Density AM/3_57-23.jpg,4
4354,/home/irene/ISEF-Project-2023/Data/Density AM/3_57-24.jpg,3
4356,/home/irene/ISEF-Project-2023/Data/Density AM/3_57-26.jpg,0
4359,/home/irene/ISEF-Project-2023/Data/Density AM/3_57-29.jpg,0
4364,/home/irene/ISEF-Project-2023/Data/Density AM/3_57-33.jpg,0
4377,/home/irene/ISEF-Project-2023/Data/Density AM/3_58-1.jpg,0
4386,/home/irene/ISEF-Project-2023/Data/Density AM/3_58-18.jpg,0
4392,/home/irene/ISEF-Project-2023/Data/Density AM/3_58-23.jpg,0
4393,/home/irene/ISEF-Project-2023/Data/Density AM/3_58-24.jpg,0
4394,/home/irene/ISEF-Project-2023/Data/Density AM/3_58-25.jpg,0
4430,/home/irene/ISEF-Project-2023/Data/Density AM/3_59-22.jpg,0
4431,/home/irene/ISEF-Project-2023/Data/Density AM/3_59-23.jpg,1
4460,/home/irene/ISEF-Project-2023/Data/Density AM/3_6-14.jpg,0
4466,/home/irene/ISEF-Project-2023/Data/Density AM/3_6-2.jpg,1
4477,/home/irene/ISEF-Project-2023/Data/Density AM/3_6-3.jpg,2
4506,/home/irene/ISEF-Project-2023/Data/Density AM/3_60-20.jpg,0
4512,/home/irene/ISEF-Project-2023/Data/Density AM/3_60-26.jpg,0
4514,/home/irene/ISEF-Project-2023/Data/Density AM/3_60-28.jpg,0
4521,/home/irene/ISEF-Project-2023/Data/Density AM/3_60-34.jpg,0
4522,/home/irene/ISEF-Project-2023/Data/Density AM/3_60-35.jpg,0
4538,/home/irene/ISEF-Project-2023/Data/Density AM/3_61-14.jpg,0
4549,/home/irene/ISEF-Project-2023/Data/Density AM/3_61-24.jpg,2
4552,/home/irene/ISEF-Project-2023/Data/Density AM/3_61-27.jpg,0
4553,/home/irene/ISEF-Project-2023/Data/Density AM/3_61-28.jpg,0
4557,/home/irene/ISEF-Project-2023/Data/Density AM/3_61-31.jpg,0
4558,/home/irene/ISEF-Project-2023/Data/Density AM/3_61-32.jpg,2
4560,/home/irene/ISEF-Project-2023/Data/Density AM/3_61-34.jpg,0
4562,/home/irene/ISEF-Project-2023/Data/Density AM/3_61-36.jpg,0
4564,/home/irene/ISEF-Project-2023/Data/Density AM/3_61-38.jpg,0
4570,/home/irene/ISEF-Project-2023/Data/Density AM/3_61-8.jpg,0
4580,/home/irene/ISEF-Project-2023/Data/Density AM/3_62-17.jpg,0
4583,/home/irene/ISEF-Project-2023/Data/Density AM/3_62-2.jpg,0
4591,/home/irene/ISEF-Project-2023/Data/Density AM/3_62-27.jpg,0
4594,/home/irene/ISEF-Project-2023/Data/Density AM/3_62-3.jpg,0
4596,/home/irene/ISEF-Project-2023/Data/Density AM/3_62-31.jpg,11
4597,/home/irene/ISEF-Project-2023/Data/Density AM/3_62-32.jpg,1
4598,/home/irene/ISEF-Project-2023/Data/Density AM/3_62-33.jpg,1
4599,/home/irene/ISEF-Project-2023/Data/Density AM/3_62-34.jpg,3
4605,/home/irene/ISEF-Project-2023/Data/Density AM/3_62-4.jpg,0
4612,/home/irene/ISEF-Project-2023/Data/Density AM/3_63-10.jpg,0
4636,/home/irene/ISEF-Project-2023/Data/Density AM/3_63-32.jpg,1
4637,/home/irene/ISEF-Project-2023/Data/Density AM/3_63-33.jpg,3
4642,/home/irene/ISEF-Project-2023/Data/Density AM/3_63-38.jpg,0
4648,/home/irene/ISEF-Project-2023/Data/Density AM/3_63-8.jpg,0
4657,/home/irene/ISEF-Project-2023/Data/Density AM/3_64-16.jpg,0
4663,/home/irene/ISEF-Project-2023/Data/Density AM/3_64-21.jpg,0
4676,/home/irene/ISEF-Project-2023/Data/Density AM/3_64-33.jpg,1
4677,/home/irene/ISEF-Project-2023/Data/Density AM/3_64-34.jpg,2
4684,/home/irene/ISEF-Project-2023/Data/Density AM/3_64-5.jpg,0
4693,/home/irene/ISEF-Project-2023/Data/Density AM/3_65-13.jpg,0
4708,/home/irene/ISEF-Project-2023/Data/Density AM/3_65-27.jpg,0
4710,/home/irene/ISEF-Project-2023/Data/Density AM/3_65-29.jpg,1
4712,/home/irene/ISEF-Project-2023/Data/Density AM/3_65-30.jpg,5
4739,/home/irene/ISEF-Project-2023/Data/Density AM/3_66-2.jpg,0
4743,/home/irene/ISEF-Project-2023/Data/Density AM/3_66-23.jpg,3
4749,/home/irene/ISEF-Project-2023/Data/Density AM/3_66-29.jpg,1
4751,/home/irene/ISEF-Project-2023/Data/Density AM/3_66-30.jpg,1
4753,/home/irene/ISEF-Project-2023/Data/Density AM/3_66-32.jpg,1
4759,/home/irene/ISEF-Project-2023/Data/Density AM/3_66-38.jpg,0
4761,/home/irene/ISEF-Project-2023/Data/Density AM/3_66-4.jpg,0
4779,/home/irene/ISEF-Project-2023/Data/Density AM/3_67-20.jpg,1
4781,/home/irene/ISEF-Project-2023/Data/Density AM/3_67-22.jpg,2
4797,/home/irene/ISEF-Project-2023/Data/Density AM/3_67-37.jpg,0
4820,/home/irene/ISEF-Project-2023/Data/Density AM/3_68-22.jpg,0
4821,/home/irene/ISEF-Project-2023/Data/Density AM/3_68-23.jpg,0
4829,/home/irene/ISEF-Project-2023/Data/Density AM/3_68-30.jpg,1
4834,/home/irene/ISEF-Project-2023/Data/Density AM/3_68-35.jpg,0
4846,/home/irene/ISEF-Project-2023/Data/Density AM/3_69-10.jpg,0
4854,/home/irene/ISEF-Project-2023/Data/Density AM/3_69-18.jpg,0
4856,/home/irene/ISEF-Project-2023/Data/Density AM/3_69-2.jpg,0
4863,/home/irene/ISEF-Project-2023/Data/Density AM/3_69-26.jpg,2
4864,/home/irene/ISEF-Project-2023/Data/Density AM/3_69-27.jpg,1
4871,/home/irene/ISEF-Project-2023/Data/Density AM/3_69-33.jpg,0
4882,/home/irene/ISEF-Project-2023/Data/Density AM/3_69-8.jpg,0
4893,/home/irene/ISEF-Project-2023/Data/Density AM/3_7-18.jpg,2
4896,/home/irene/ISEF-Project-2023/Data/Density AM/3_7-20.jpg,0
4917,/home/irene/ISEF-Project-2023/Data/Density AM/3_7-4.jpg,1
4922,/home/irene/ISEF-Project-2023/Data/Density AM/3_7-9.jpg,4
4942,/home/irene/ISEF-Project-2023/Data/Density AM/3_70-27.jpg,2
4943,/home/irene/ISEF-Project-2023/Data/Density AM/3_70-28.jpg,1
4944,/home/irene/ISEF-Project-2023/Data/Density AM/3_70-29.jpg,3
4953,/home/irene/ISEF-Project-2023/Data/Density AM/3_70-37.jpg,3
4983,/home/irene/ISEF-Project-2023/Data/Density AM/3_71-29.jpg,1
5019,/home/irene/ISEF-Project-2023/Data/Density AM/3_72-26.jpg,3
5196,/home/irene/ISEF-Project-2023/Data/Density AM/3_8-1.jpg,2
5198,/home/irene/ISEF-Project-2023/Data/Density AM/3_8-11.jpg,3
5204,/home/irene/ISEF-Project-2023/Data/Density AM/3_8-17.jpg,1
5239,/home/irene/ISEF-Project-2023/Data/Density AM/3_9-13.jpg,1
