,Unnamed: 0,image_path,label
63,63,/home/irene/ISEF-Project-2023/Data/Alta Murgia/1_1-67.jpg,0
239,239,/home/irene/ISEF-Project-2023/Data/Alta Murgia/1_11-9.jpg,0
367,367,/home/irene/ISEF-Project-2023/Data/Alta Murgia/1_13-52.jpg,0
383,383,/home/irene/ISEF-Project-2023/Data/Alta Murgia/1_13-67.jpg,0
424,424,/home/irene/ISEF-Project-2023/Data/Alta Murgia/1_14-31.jpg,0
512,512,/home/irene/ISEF-Project-2023/Data/Alta Murgia/1_15-39.jpg,0
545,545,/home/irene/ISEF-Project-2023/Data/Alta Murgia/1_15-69.jpg,0
581,581,/home/irene/ISEF-Project-2023/Data/Alta Murgia/1_16-29.jpg,0
662,662,/home/irene/ISEF-Project-2023/Data/Alta Murgia/1_17-3.jpg,0
897,897,/home/irene/ISEF-Project-2023/Data/Alta Murgia/1_2-25.jpg,0
1013,1013,/home/irene/ISEF-Project-2023/Data/Alta Murgia/1_20-58.jpg,0
1033,1033,/home/irene/ISEF-Project-2023/Data/Alta Murgia/1_20-76.jpg,0
1036,1036,/home/irene/ISEF-Project-2023/Data/Alta Murgia/1_20-79.jpg,0
1041,1041,/home/irene/ISEF-Project-2023/Data/Alta Murgia/1_21-10.jpg,0
1142,1142,/home/irene/ISEF-Project-2023/Data/Alta Murgia/1_22-3.jpg,0
1192,1192,/home/irene/ISEF-Project-2023/Data/Alta Murgia/1_22-75.jpg,0
1334,1334,/home/irene/ISEF-Project-2023/Data/Alta Murgia/1_24-59.jpg,0
1433,1433,/home/irene/ISEF-Project-2023/Data/Alta Murgia/1_25-76.jpg,0
1551,1551,/home/irene/ISEF-Project-2023/Data/Alta Murgia/1_27-38.jpg,0
1559,1559,/home/irene/ISEF-Project-2023/Data/Alta Murgia/1_27-45.jpg,0
1633,1633,/home/irene/ISEF-Project-2023/Data/Alta Murgia/1_28-4.jpg,0
1650,1650,/home/irene/ISEF-Project-2023/Data/Alta Murgia/1_28-55.jpg,0
1750,1750,/home/irene/ISEF-Project-2023/Data/Alta Murgia/1_29-73.jpg,0
1777,1777,/home/irene/ISEF-Project-2023/Data/Alta Murgia/1_3-25.jpg,0
1792,1792,/home/irene/ISEF-Project-2023/Data/Alta Murgia/1_3-39.jpg,0
1880,1880,/home/irene/ISEF-Project-2023/Data/Alta Murgia/1_30-46.jpg,0
1887,1887,/home/irene/ISEF-Project-2023/Data/Alta Murgia/1_30-52.jpg,0
2034,2034,/home/irene/ISEF-Project-2023/Data/Alta Murgia/1_32-40.jpg,0
2181,2181,/home/irene/ISEF-Project-2023/Data/Alta Murgia/1_34-29.jpg,0
2336,2336,/home/irene/ISEF-Project-2023/Data/Alta Murgia/1_36-24.jpg,0
2379,2379,/home/irene/ISEF-Project-2023/Data/Alta Murgia/1_36-63.jpg,0
2492,2492,/home/irene/ISEF-Project-2023/Data/Alta Murgia/1_38-20.jpg,0
2512,2512,/home/irene/ISEF-Project-2023/Data/Alta Murgia/1_38-39.jpg,0
2528,2528,/home/irene/ISEF-Project-2023/Data/Alta Murgia/1_38-53.jpg,0
2538,2538,/home/irene/ISEF-Project-2023/Data/Alta Murgia/1_38-62.jpg,0
2549,2549,/home/irene/ISEF-Project-2023/Data/Alta Murgia/1_38-72.jpg,0
2556,2556,/home/irene/ISEF-Project-2023/Data/Alta Murgia/1_38-79.jpg,0
2583,2583,/home/irene/ISEF-Project-2023/Data/Alta Murgia/1_39-30.jpg,0
2656,2656,/home/irene/ISEF-Project-2023/Data/Alta Murgia/1_4-24.jpg,0
2692,2692,/home/irene/ISEF-Project-2023/Data/Alta Murgia/1_4-57.jpg,0
2714,2714,/home/irene/ISEF-Project-2023/Data/Alta Murgia/1_4-77.jpg,0
2868,2868,/home/irene/ISEF-Project-2023/Data/Alta Murgia/1_41-71.jpg,0
2892,2892,/home/irene/ISEF-Project-2023/Data/Alta Murgia/1_42-20.jpg,0
2930,2930,/home/irene/ISEF-Project-2023/Data/Alta Murgia/1_42-55.jpg,0
2992,2992,/home/irene/ISEF-Project-2023/Data/Alta Murgia/1_43-39.jpg,0
3115,3115,/home/irene/ISEF-Project-2023/Data/Alta Murgia/1_44-78.jpg,0
3155,3155,/home/irene/ISEF-Project-2023/Data/Alta Murgia/1_45-41.jpg,0
3180,3180,/home/irene/ISEF-Project-2023/Data/Alta Murgia/1_45-64.jpg,0
3220,3220,/home/irene/ISEF-Project-2023/Data/Alta Murgia/1_46-28.jpg,0
3268,3268,/home/irene/ISEF-Project-2023/Data/Alta Murgia/1_46-71.jpg,0
3339,3339,/home/irene/ISEF-Project-2023/Data/Alta Murgia/1_47-63.jpg,0
3360,3360,/home/irene/ISEF-Project-2023/Data/Alta Murgia/1_48-1.jpg,0
3369,3369,/home/irene/ISEF-Project-2023/Data/Alta Murgia/1_48-18.jpg,0
3372,3372,/home/irene/ISEF-Project-2023/Data/Alta Murgia/1_48-20.jpg,0
3384,3384,/home/irene/ISEF-Project-2023/Data/Alta Murgia/1_48-31.jpg,0
3418,3418,/home/irene/ISEF-Project-2023/Data/Alta Murgia/1_48-62.jpg,0
3432,3432,/home/irene/ISEF-Project-2023/Data/Alta Murgia/1_48-75.jpg,0
3449,3449,/home/irene/ISEF-Project-2023/Data/Alta Murgia/1_49-18.jpg,0
3485,3485,/home/irene/ISEF-Project-2023/Data/Alta Murgia/1_49-50.jpg,0
3512,3512,/home/irene/ISEF-Project-2023/Data/Alta Murgia/1_49-75.jpg,0
3545,3545,/home/irene/ISEF-Project-2023/Data/Alta Murgia/1_5-32.jpg,0
3576,3576,/home/irene/ISEF-Project-2023/Data/Alta Murgia/1_5-60.jpg,0
3592,3592,/home/irene/ISEF-Project-2023/Data/Alta Murgia/1_5-75.jpg,0
3623,3623,/home/irene/ISEF-Project-2023/Data/Alta Murgia/1_50-30.jpg,0
3683,3683,/home/irene/ISEF-Project-2023/Data/Alta Murgia/1_51-12.jpg,0
3746,3746,/home/irene/ISEF-Project-2023/Data/Alta Murgia/1_51-7.jpg,0
3868,3868,/home/irene/ISEF-Project-2023/Data/Alta Murgia/1_53-35.jpg,0
3877,3877,/home/irene/ISEF-Project-2023/Data/Alta Murgia/1_53-43.jpg,0
4034,4034,/home/irene/ISEF-Project-2023/Data/Alta Murgia/1_55-40.jpg,0
4109,4109,/home/irene/ISEF-Project-2023/Data/Alta Murgia/1_56-36.jpg,0
4229,4229,/home/irene/ISEF-Project-2023/Data/Alta Murgia/1_57-72.jpg,0
4346,4346,/home/irene/ISEF-Project-2023/Data/Alta Murgia/1_59-33.jpg,0
4440,4440,/home/irene/ISEF-Project-2023/Data/Alta Murgia/1_6-46.jpg,0
4505,4505,/home/irene/ISEF-Project-2023/Data/Alta Murgia/1_60-32.jpg,0
4519,4519,/home/irene/ISEF-Project-2023/Data/Alta Murgia/1_60-45.jpg,0
4584,4584,/home/irene/ISEF-Project-2023/Data/Alta Murgia/1_61-31.jpg,0
4625,4625,/home/irene/ISEF-Project-2023/Data/Alta Murgia/1_61-69.jpg,0
4693,4693,/home/irene/ISEF-Project-2023/Data/Alta Murgia/1_62-58.jpg,0
4707,4707,/home/irene/ISEF-Project-2023/Data/Alta Murgia/1_62-70.jpg,0
4983,4983,/home/irene/ISEF-Project-2023/Data/Alta Murgia/1_66-30.jpg,0
5005,5005,/home/irene/ISEF-Project-2023/Data/Alta Murgia/1_66-50.jpg,0
5024,5024,/home/irene/ISEF-Project-2023/Data/Alta Murgia/1_66-68.jpg,0
5071,5071,/home/irene/ISEF-Project-2023/Data/Alta Murgia/1_67-38.jpg,0
5109,5109,/home/irene/ISEF-Project-2023/Data/Alta Murgia/1_67-72.jpg,0
5206,5206,/home/irene/ISEF-Project-2023/Data/Alta Murgia/1_69-15.jpg,0
5252,5252,/home/irene/ISEF-Project-2023/Data/Alta Murgia/1_69-57.jpg,0
5338,5338,/home/irene/ISEF-Project-2023/Data/Alta Murgia/1_7-62.jpg,0
5468,5468,/home/irene/ISEF-Project-2023/Data/Alta Murgia/1_71-35.jpg,0
5486,5486,/home/irene/ISEF-Project-2023/Data/Alta Murgia/1_71-51.jpg,0
5588,5588,/home/irene/ISEF-Project-2023/Data/Alta Murgia/1_72-71.jpg,0
5673,5673,/home/irene/ISEF-Project-2023/Data/Alta Murgia/1_73-76.jpg,0
5754,5754,/home/irene/ISEF-Project-2023/Data/Alta Murgia/1_74-77.jpg,0
5834,5834,/home/irene/ISEF-Project-2023/Data/Alta Murgia/1_75-77.jpg,0
5959,5959,/home/irene/ISEF-Project-2023/Data/Alta Murgia/1_77-45.jpg,0
6057,6057,/home/irene/ISEF-Project-2023/Data/Alta Murgia/1_78-61.jpg,0
6119,6119,/home/irene/ISEF-Project-2023/Data/Alta Murgia/1_79-45.jpg,0
6154,6154,/home/irene/ISEF-Project-2023/Data/Alta Murgia/1_79-77.jpg,0
6173,6173,/home/irene/ISEF-Project-2023/Data/Alta Murgia/1_8-21.jpg,0
6279,6279,/home/irene/ISEF-Project-2023/Data/Alta Murgia/1_80-45.jpg,0
6295,6295,/home/irene/ISEF-Project-2023/Data/Alta Murgia/1_80-6.jpg,0
6381,6381,/home/irene/ISEF-Project-2023/Data/Alta Murgia/1_9-65.jpg,0
6388,6388,/home/irene/ISEF-Project-2023/Data/Alta Murgia/1_9-71.jpg,0
6398,6398,/home/irene/ISEF-Project-2023/Data/Alta Murgia/1_9-80.jpg,0
6417,6417,/home/irene/ISEF-Project-2023/Data/Alta Murgia/2_1-25.jpg,0
6424,6424,/home/irene/ISEF-Project-2023/Data/Alta Murgia/2_1-31.jpg,0
6466,6466,/home/irene/ISEF-Project-2023/Data/Alta Murgia/2_1-70.jpg,0
6657,6657,/home/irene/ISEF-Project-2023/Data/Alta Murgia/2_12-28.jpg,0
6673,6673,/home/irene/ISEF-Project-2023/Data/Alta Murgia/2_12-42.jpg,0
6726,6726,/home/irene/ISEF-Project-2023/Data/Alta Murgia/2_13-19.jpg,0
6751,6751,/home/irene/ISEF-Project-2023/Data/Alta Murgia/2_13-41.jpg,0
6796,6796,/home/irene/ISEF-Project-2023/Data/Alta Murgia/2_14-10.jpg,0
6840,6840,/home/irene/ISEF-Project-2023/Data/Alta Murgia/2_14-50.jpg,0
6941,6941,/home/irene/ISEF-Project-2023/Data/Alta Murgia/2_15-71.jpg,0
6943,6943,/home/irene/ISEF-Project-2023/Data/Alta Murgia/2_15-73.jpg,0
6966,6966,/home/irene/ISEF-Project-2023/Data/Alta Murgia/2_16-21.jpg,0
7093,7093,/home/irene/ISEF-Project-2023/Data/Alta Murgia/2_17-66.jpg,0
7215,7215,/home/irene/ISEF-Project-2023/Data/Alta Murgia/2_19-32.jpg,0
7257,7257,/home/irene/ISEF-Project-2023/Data/Alta Murgia/2_19-71.jpg,0
7269,7269,/home/irene/ISEF-Project-2023/Data/Alta Murgia/2_2-1.jpg,0
7295,7295,/home/irene/ISEF-Project-2023/Data/Alta Murgia/2_2-33.jpg,0
7395,7395,/home/irene/ISEF-Project-2023/Data/Alta Murgia/2_20-52.jpg,0
7533,7533,/home/irene/ISEF-Project-2023/Data/Alta Murgia/2_22-34.jpg,0
7559,7559,/home/irene/ISEF-Project-2023/Data/Alta Murgia/2_22-58.jpg,0
7568,7568,/home/irene/ISEF-Project-2023/Data/Alta Murgia/2_22-67.jpg,0
7582,7582,/home/irene/ISEF-Project-2023/Data/Alta Murgia/2_22-8.jpg,0
7598,7598,/home/irene/ISEF-Project-2023/Data/Alta Murgia/2_23-21.jpg,0
7669,7669,/home/irene/ISEF-Project-2023/Data/Alta Murgia/2_24-14.jpg,0
7676,7676,/home/irene/ISEF-Project-2023/Data/Alta Murgia/2_24-20.jpg,0
7711,7711,/home/irene/ISEF-Project-2023/Data/Alta Murgia/2_24-52.jpg,0
7768,7768,/home/irene/ISEF-Project-2023/Data/Alta Murgia/2_25-32.jpg,0
7812,7812,/home/irene/ISEF-Project-2023/Data/Alta Murgia/2_25-73.jpg,0
7820,7820,/home/irene/ISEF-Project-2023/Data/Alta Murgia/2_25-80.jpg,0
7921,7921,/home/irene/ISEF-Project-2023/Data/Alta Murgia/2_27-28.jpg,0
7930,7930,/home/irene/ISEF-Project-2023/Data/Alta Murgia/2_27-36.jpg,0
7977,7977,/home/irene/ISEF-Project-2023/Data/Alta Murgia/2_27-8.jpg,0
7994,7994,/home/irene/ISEF-Project-2023/Data/Alta Murgia/2_28-22.jpg,0
8188,8188,/home/irene/ISEF-Project-2023/Data/Alta Murgia/2_3-55.jpg,0
8220,8220,/home/irene/ISEF-Project-2023/Data/Alta Murgia/2_30-12.jpg,0
8250,8250,/home/irene/ISEF-Project-2023/Data/Alta Murgia/2_30-4.jpg,0
8474,8474,/home/irene/ISEF-Project-2023/Data/Alta Murgia/2_33-28.jpg,0
8479,8479,/home/irene/ISEF-Project-2023/Data/Alta Murgia/2_33-32.jpg,0
8556,8556,/home/irene/ISEF-Project-2023/Data/Alta Murgia/2_34-30.jpg,0
8585,8585,/home/irene/ISEF-Project-2023/Data/Alta Murgia/2_34-57.jpg,0
8766,8766,/home/irene/ISEF-Project-2023/Data/Alta Murgia/2_36-79.jpg,0
8776,8776,/home/irene/ISEF-Project-2023/Data/Alta Murgia/2_37-15.jpg,0
8812,8812,/home/irene/ISEF-Project-2023/Data/Alta Murgia/2_37-48.jpg,0
8913,8913,/home/irene/ISEF-Project-2023/Data/Alta Murgia/2_38-69.jpg,0
8933,8933,/home/irene/ISEF-Project-2023/Data/Alta Murgia/2_39-14.jpg,0
8934,8934,/home/irene/ISEF-Project-2023/Data/Alta Murgia/2_39-15.jpg,0
9103,9103,/home/irene/ISEF-Project-2023/Data/Alta Murgia/2_40-25.jpg,0
9107,9107,/home/irene/ISEF-Project-2023/Data/Alta Murgia/2_40-29.jpg,0
9114,9114,/home/irene/ISEF-Project-2023/Data/Alta Murgia/2_40-35.jpg,0
9214,9214,/home/irene/ISEF-Project-2023/Data/Alta Murgia/2_5-54.jpg,0
9243,9243,/home/irene/ISEF-Project-2023/Data/Alta Murgia/2_5-9.jpg,0
9610,9610,/home/irene/ISEF-Project-2023/Data/Alta Murgia/3_13-5.jpg,0
9646,9646,/home/irene/ISEF-Project-2023/Data/Alta Murgia/3_16-8.jpg,0
9694,9694,/home/irene/ISEF-Project-2023/Data/Alta Murgia/3_20-12.jpg,0
9700,9700,/home/irene/ISEF-Project-2023/Data/Alta Murgia/3_20-7.jpg,0
9878,9878,/home/irene/ISEF-Project-2023/Data/Alta Murgia/3_35-9.jpg,0
9880,9880,/home/irene/ISEF-Project-2023/Data/Alta Murgia/3_36-11.jpg,0
9944,9944,/home/irene/ISEF-Project-2023/Data/Alta Murgia/3_40-9.jpg,0
9949,9949,/home/irene/ISEF-Project-2023/Data/Alta Murgia/3_5-3.jpg,0
10002,10002,/home/irene/ISEF-Project-2023/Data/Alta Murgia/4_1-100.jpg,0
10097,10097,/home/irene/ISEF-Project-2023/Data/Alta Murgia/4_1-98.jpg,0
10232,10232,/home/irene/ISEF-Project-2023/Data/Alta Murgia/4_11-4.jpg,0
10287,10287,/home/irene/ISEF-Project-2023/Data/Alta Murgia/4_11-90.jpg,0
10302,10302,/home/irene/ISEF-Project-2023/Data/Alta Murgia/4_12-13.jpg,0
10555,10555,/home/irene/ISEF-Project-2023/Data/Alta Murgia/4_14-64.jpg,0
10556,10556,/home/irene/ISEF-Project-2023/Data/Alta Murgia/4_14-65.jpg,0
10567,10567,/home/irene/ISEF-Project-2023/Data/Alta Murgia/4_14-75.jpg,0
10596,10596,/home/irene/ISEF-Project-2023/Data/Alta Murgia/4_15-100.jpg,0
10660,10660,/home/irene/ISEF-Project-2023/Data/Alta Murgia/4_15-7.jpg,0
10722,10722,/home/irene/ISEF-Project-2023/Data/Alta Murgia/4_16-35.jpg,0
10775,10775,/home/irene/ISEF-Project-2023/Data/Alta Murgia/4_16-84.jpg,0
10787,10787,/home/irene/ISEF-Project-2023/Data/Alta Murgia/4_16-95.jpg,0
10853,10853,/home/irene/ISEF-Project-2023/Data/Alta Murgia/4_17-65.jpg,0
10886,10886,/home/irene/ISEF-Project-2023/Data/Alta Murgia/4_17-95.jpg,0
10925,10925,/home/irene/ISEF-Project-2023/Data/Alta Murgia/4_18-4.jpg,0
10966,10966,/home/irene/ISEF-Project-2023/Data/Alta Murgia/4_18-78.jpg,0
11047,11047,/home/irene/ISEF-Project-2023/Data/Alta Murgia/4_19-61.jpg,0
11128,11128,/home/irene/ISEF-Project-2023/Data/Alta Murgia/4_2-44.jpg,0
11160,11160,/home/irene/ISEF-Project-2023/Data/Alta Murgia/4_2-74.jpg,0
11198,11198,/home/irene/ISEF-Project-2023/Data/Alta Murgia/4_20-18.jpg,0
11223,11223,/home/irene/ISEF-Project-2023/Data/Alta Murgia/4_20-40.jpg,0
11395,11395,/home/irene/ISEF-Project-2023/Data/Alta Murgia/4_22-17.jpg,0
11466,11466,/home/irene/ISEF-Project-2023/Data/Alta Murgia/4_22-82.jpg,0
11515,11515,/home/irene/ISEF-Project-2023/Data/Alta Murgia/4_23-36.jpg,0
11596,11596,/home/irene/ISEF-Project-2023/Data/Alta Murgia/4_24-2.jpg,0
11636,11636,/home/irene/ISEF-Project-2023/Data/Alta Murgia/4_24-56.jpg,0
11731,11731,/home/irene/ISEF-Project-2023/Data/Alta Murgia/4_25-52.jpg,0
11737,11737,/home/irene/ISEF-Project-2023/Data/Alta Murgia/4_25-59.jpg,0
11740,11740,/home/irene/ISEF-Project-2023/Data/Alta Murgia/4_25-61.jpg,0
11789,11789,/home/irene/ISEF-Project-2023/Data/Alta Murgia/4_26-15.jpg,0
11849,11849,/home/irene/ISEF-Project-2023/Data/Alta Murgia/4_26-70.jpg,0
11862,11862,/home/irene/ISEF-Project-2023/Data/Alta Murgia/4_26-82.jpg,0
11896,11896,/home/irene/ISEF-Project-2023/Data/Alta Murgia/4_27-22.jpg,0
11923,11923,/home/irene/ISEF-Project-2023/Data/Alta Murgia/4_27-47.jpg,0
11998,11998,/home/irene/ISEF-Project-2023/Data/Alta Murgia/4_28-25.jpg,0
12024,12024,/home/irene/ISEF-Project-2023/Data/Alta Murgia/4_28-49.jpg,0
12027,12027,/home/irene/ISEF-Project-2023/Data/Alta Murgia/4_28-51.jpg,0
12076,12076,/home/irene/ISEF-Project-2023/Data/Alta Murgia/4_28-97.jpg,0
12184,12184,/home/irene/ISEF-Project-2023/Data/Alta Murgia/4_3-14.jpg,0
12192,12192,/home/irene/ISEF-Project-2023/Data/Alta Murgia/4_3-21.jpg,0
12252,12252,/home/irene/ISEF-Project-2023/Data/Alta Murgia/4_3-77.jpg,0
12345,12345,/home/irene/ISEF-Project-2023/Data/Alta Murgia/4_30-71.jpg,0
12631,12631,/home/irene/ISEF-Project-2023/Data/Alta Murgia/4_33-61.jpg,0
12647,12647,/home/irene/ISEF-Project-2023/Data/Alta Murgia/4_33-76.jpg,0
12677,12677,/home/irene/ISEF-Project-2023/Data/Alta Murgia/4_34-12.jpg,0
12718,12718,/home/irene/ISEF-Project-2023/Data/Alta Murgia/4_34-5.jpg,0
12743,12743,/home/irene/ISEF-Project-2023/Data/Alta Murgia/4_34-73.jpg,0
12814,12814,/home/irene/ISEF-Project-2023/Data/Alta Murgia/4_35-47.jpg,0
12988,12988,/home/irene/ISEF-Project-2023/Data/Alta Murgia/4_37-25.jpg,0
12991,12991,/home/irene/ISEF-Project-2023/Data/Alta Murgia/4_37-28.jpg,0
13066,13066,/home/irene/ISEF-Project-2023/Data/Alta Murgia/4_37-97.jpg,0
13071,13071,/home/irene/ISEF-Project-2023/Data/Alta Murgia/4_38-100.jpg,0
13075,13075,/home/irene/ISEF-Project-2023/Data/Alta Murgia/4_38-14.jpg,0
13076,13076,/home/irene/ISEF-Project-2023/Data/Alta Murgia/4_38-15.jpg,0
13134,13134,/home/irene/ISEF-Project-2023/Data/Alta Murgia/4_38-69.jpg,0
13321,13321,/home/irene/ISEF-Project-2023/Data/Alta Murgia/4_4-59.jpg,0
13519,13519,/home/irene/ISEF-Project-2023/Data/Alta Murgia/4_5-59.jpg,0
13623,13623,/home/irene/ISEF-Project-2023/Data/Alta Murgia/4_6-63.jpg,0
13632,13632,/home/irene/ISEF-Project-2023/Data/Alta Murgia/4_6-71.jpg,0
13651,13651,/home/irene/ISEF-Project-2023/Data/Alta Murgia/4_6-89.jpg,0
13733,13733,/home/irene/ISEF-Project-2023/Data/Alta Murgia/4_7-73.jpg,0
13743,13743,/home/irene/ISEF-Project-2023/Data/Alta Murgia/4_7-82.jpg,0
13864,13864,/home/irene/ISEF-Project-2023/Data/Alta Murgia/4_9-11.jpg,0
13980,13980,/home/irene/ISEF-Project-2023/Data/Alta Murgia/5_1-28.jpg,0
14049,14049,/home/irene/ISEF-Project-2023/Data/Alta Murgia/5_10-19.jpg,0
14090,14090,/home/irene/ISEF-Project-2023/Data/Alta Murgia/5_10-57.jpg,0
14210,14210,/home/irene/ISEF-Project-2023/Data/Alta Murgia/5_12-21.jpg,0
14324,14324,/home/irene/ISEF-Project-2023/Data/Alta Murgia/5_13-54.jpg,0
14364,14364,/home/irene/ISEF-Project-2023/Data/Alta Murgia/5_14-18.jpg,0
14374,14374,/home/irene/ISEF-Project-2023/Data/Alta Murgia/5_14-27.jpg,0
14405,14405,/home/irene/ISEF-Project-2023/Data/Alta Murgia/5_14-56.jpg,0
14410,14410,/home/irene/ISEF-Project-2023/Data/Alta Murgia/5_14-60.jpg,0
14634,14634,/home/irene/ISEF-Project-2023/Data/Alta Murgia/5_17-49.jpg,0
14659,14659,/home/irene/ISEF-Project-2023/Data/Alta Murgia/5_17-71.jpg,0
14771,14771,/home/irene/ISEF-Project-2023/Data/Alta Murgia/5_19-29.jpg,0
14919,14919,/home/irene/ISEF-Project-2023/Data/Alta Murgia/5_20-2.jpg,0
14924,14924,/home/irene/ISEF-Project-2023/Data/Alta Murgia/5_20-24.jpg,0
15070,15070,/home/irene/ISEF-Project-2023/Data/Alta Murgia/5_22-13.jpg,0
15121,15121,/home/irene/ISEF-Project-2023/Data/Alta Murgia/5_22-60.jpg,0
15131,15131,/home/irene/ISEF-Project-2023/Data/Alta Murgia/5_22-7.jpg,0
15215,15215,/home/irene/ISEF-Project-2023/Data/Alta Murgia/5_23-74.jpg,0
15281,15281,/home/irene/ISEF-Project-2023/Data/Alta Murgia/5_24-62.jpg,0
15397,15397,/home/irene/ISEF-Project-2023/Data/Alta Murgia/5_26-23.jpg,0
15480,15480,/home/irene/ISEF-Project-2023/Data/Alta Murgia/5_27-27.jpg,0
15529,15529,/home/irene/ISEF-Project-2023/Data/Alta Murgia/5_27-72.jpg,0
15596,15596,/home/irene/ISEF-Project-2023/Data/Alta Murgia/5_28-61.jpg,0
15835,15835,/home/irene/ISEF-Project-2023/Data/Alta Murgia/5_30-63.jpg,0
15897,15897,/home/irene/ISEF-Project-2023/Data/Alta Murgia/5_31-48.jpg,0
15898,15898,/home/irene/ISEF-Project-2023/Data/Alta Murgia/5_31-49.jpg,0
15935,15935,/home/irene/ISEF-Project-2023/Data/Alta Murgia/5_32-1.jpg,0
15937,15937,/home/irene/ISEF-Project-2023/Data/Alta Murgia/5_32-11.jpg,0
15955,15955,/home/irene/ISEF-Project-2023/Data/Alta Murgia/5_32-28.jpg,0
16016,16016,/home/irene/ISEF-Project-2023/Data/Alta Murgia/5_33-11.jpg,0
16075,16075,/home/irene/ISEF-Project-2023/Data/Alta Murgia/5_33-66.jpg,0
16246,16246,/home/irene/ISEF-Project-2023/Data/Alta Murgia/5_35-78.jpg,0
16260,16260,/home/irene/ISEF-Project-2023/Data/Alta Murgia/5_36-18.jpg,0
16358,16358,/home/irene/ISEF-Project-2023/Data/Alta Murgia/5_37-35.jpg,0
16378,16378,/home/irene/ISEF-Project-2023/Data/Alta Murgia/5_37-54.jpg,0
16391,16391,/home/irene/ISEF-Project-2023/Data/Alta Murgia/5_37-66.jpg,0
16527,16527,/home/irene/ISEF-Project-2023/Data/Alta Murgia/5_39-46.jpg,0
16576,16576,/home/irene/ISEF-Project-2023/Data/Alta Murgia/5_4-18.jpg,0
16692,16692,/home/irene/ISEF-Project-2023/Data/Alta Murgia/5_40-52.jpg,0
16780,16780,/home/irene/ISEF-Project-2023/Data/Alta Murgia/5_5-60.jpg,0
16807,16807,/home/irene/ISEF-Project-2023/Data/Alta Murgia/5_6-12.jpg,0
16871,16871,/home/irene/ISEF-Project-2023/Data/Alta Murgia/5_6-71.jpg,0
17000,17000,/home/irene/ISEF-Project-2023/Data/Alta Murgia/5_8-45.jpg,0
17033,17033,/home/irene/ISEF-Project-2023/Data/Alta Murgia/5_8-75.jpg,0
17077,17077,/home/irene/ISEF-Project-2023/Data/Alta Murgia/5_9-43.jpg,0
17089,17089,/home/irene/ISEF-Project-2023/Data/Alta Murgia/5_9-54.jpg,0
17148,17148,/home/irene/ISEF-Project-2023/Data/Alta Murgia/6_1-36.jpg,0
17205,17205,/home/irene/ISEF-Project-2023/Data/Alta Murgia/6_10-34.jpg,0
17220,17220,/home/irene/ISEF-Project-2023/Data/Alta Murgia/6_10-48.jpg,0
17332,17332,/home/irene/ISEF-Project-2023/Data/Alta Murgia/6_12-42.jpg,0
17359,17359,/home/irene/ISEF-Project-2023/Data/Alta Murgia/6_13-13.jpg,0
17399,17399,/home/irene/ISEF-Project-2023/Data/Alta Murgia/6_13-5.jpg,0
17416,17416,/home/irene/ISEF-Project-2023/Data/Alta Murgia/6_14-10.jpg,0
17424,17424,/home/irene/ISEF-Project-2023/Data/Alta Murgia/6_14-19.jpg,0
17532,17532,/home/irene/ISEF-Project-2023/Data/Alta Murgia/6_15-9.jpg,0
17585,17585,/home/irene/ISEF-Project-2023/Data/Alta Murgia/6_16-58.jpg,0
17740,17740,/home/irene/ISEF-Project-2023/Data/Alta Murgia/6_19-38.jpg,0
17819,17819,/home/irene/ISEF-Project-2023/Data/Alta Murgia/6_2-56.jpg,0
17834,17834,/home/irene/ISEF-Project-2023/Data/Alta Murgia/6_20-16.jpg,0
18015,18015,/home/irene/ISEF-Project-2023/Data/Alta Murgia/6_23-2.jpg,0
18103,18103,/home/irene/ISEF-Project-2023/Data/Alta Murgia/6_24-46.jpg,0
18153,18153,/home/irene/ISEF-Project-2023/Data/Alta Murgia/6_25-38.jpg,0
18167,18167,/home/irene/ISEF-Project-2023/Data/Alta Murgia/6_25-50.jpg,0
18200,18200,/home/irene/ISEF-Project-2023/Data/Alta Murgia/6_26-27.jpg,0
18217,18217,/home/irene/ISEF-Project-2023/Data/Alta Murgia/6_26-42.jpg,0
18307,18307,/home/irene/ISEF-Project-2023/Data/Alta Murgia/6_28-17.jpg,0
18448,18448,/home/irene/ISEF-Project-2023/Data/Alta Murgia/6_3-38.jpg,0
18473,18473,/home/irene/ISEF-Project-2023/Data/Alta Murgia/6_3-60.jpg,0
18552,18552,/home/irene/ISEF-Project-2023/Data/Alta Murgia/6_31-25.jpg,0
18580,18580,/home/irene/ISEF-Project-2023/Data/Alta Murgia/6_31-50.jpg,0
18702,18702,/home/irene/ISEF-Project-2023/Data/Alta Murgia/6_33-54.jpg,0
18730,18730,/home/irene/ISEF-Project-2023/Data/Alta Murgia/6_34-26.jpg,0
18732,18732,/home/irene/ISEF-Project-2023/Data/Alta Murgia/6_34-28.jpg,0
18838,18838,/home/irene/ISEF-Project-2023/Data/Alta Murgia/6_36-17.jpg,0
18871,18871,/home/irene/ISEF-Project-2023/Data/Alta Murgia/6_36-47.jpg,0
18992,18992,/home/irene/ISEF-Project-2023/Data/Alta Murgia/6_38-5.jpg,0
19007,19007,/home/irene/ISEF-Project-2023/Data/Alta Murgia/6_38-9.jpg,0
19087,19087,/home/irene/ISEF-Project-2023/Data/Alta Murgia/6_4-29.jpg,0
19164,19164,/home/irene/ISEF-Project-2023/Data/Alta Murgia/6_40-45.jpg,0
19287,19287,/home/irene/ISEF-Project-2023/Data/Alta Murgia/6_6-5.jpg,0
19302,19302,/home/irene/ISEF-Project-2023/Data/Alta Murgia/6_6-9.jpg,0
19365,19365,/home/irene/ISEF-Project-2023/Data/Alta Murgia/6_8-13.jpg,0
19407,19407,/home/irene/ISEF-Project-2023/Data/Alta Murgia/6_8-51.jpg,0
19412,19412,/home/irene/ISEF-Project-2023/Data/Alta Murgia/6_8-56.jpg,0
19466,19466,/home/irene/ISEF-Project-2023/Data/Alta Murgia/6_9-51.jpg,0
19555,19555,/home/irene/ISEF-Project-2023/Data/Alta Murgia/7_1-78.jpg,0
19609,19609,/home/irene/ISEF-Project-2023/Data/Alta Murgia/7_10-54.jpg,0
19733,19733,/home/irene/ISEF-Project-2023/Data/Alta Murgia/7_12-21.jpg,0
19806,19806,/home/irene/ISEF-Project-2023/Data/Alta Murgia/7_13-15.jpg,0
19924,19924,/home/irene/ISEF-Project-2023/Data/Alta Murgia/7_14-5.jpg,0
20107,20107,/home/irene/ISEF-Project-2023/Data/Alta Murgia/7_16-70.jpg,0
20197,20197,/home/irene/ISEF-Project-2023/Data/Alta Murgia/7_17-8.jpg,0
20225,20225,/home/irene/ISEF-Project-2023/Data/Alta Murgia/7_18-32.jpg,0
20254,20254,/home/irene/ISEF-Project-2023/Data/Alta Murgia/7_18-59.jpg,0
20283,20283,/home/irene/ISEF-Project-2023/Data/Alta Murgia/7_19-12.jpg,0
20322,20322,/home/irene/ISEF-Project-2023/Data/Alta Murgia/7_19-48.jpg,0
20364,20364,/home/irene/ISEF-Project-2023/Data/Alta Murgia/7_2-13.jpg,0
20371,20371,/home/irene/ISEF-Project-2023/Data/Alta Murgia/7_2-2.jpg,0
20387,20387,/home/irene/ISEF-Project-2023/Data/Alta Murgia/7_2-34.jpg,0
20395,20395,/home/irene/ISEF-Project-2023/Data/Alta Murgia/7_2-41.jpg,0
20444,20444,/home/irene/ISEF-Project-2023/Data/Alta Murgia/7_20-13.jpg,0
20447,20447,/home/irene/ISEF-Project-2023/Data/Alta Murgia/7_20-16.jpg,0
20536,20536,/home/irene/ISEF-Project-2023/Data/Alta Murgia/7_21-24.jpg,0
20588,20588,/home/irene/ISEF-Project-2023/Data/Alta Murgia/7_21-71.jpg,0
20714,20714,/home/irene/ISEF-Project-2023/Data/Alta Murgia/7_23-40.jpg,0
20798,20798,/home/irene/ISEF-Project-2023/Data/Alta Murgia/7_24-44.jpg,0
20867,20867,/home/irene/ISEF-Project-2023/Data/Alta Murgia/7_25-34.jpg,0
20929,20929,/home/irene/ISEF-Project-2023/Data/Alta Murgia/7_26-18.jpg,0
21035,21035,/home/irene/ISEF-Project-2023/Data/Alta Murgia/7_27-41.jpg,0
21044,21044,/home/irene/ISEF-Project-2023/Data/Alta Murgia/7_27-5.jpg,0
21093,21093,/home/irene/ISEF-Project-2023/Data/Alta Murgia/7_28-21.jpg,0
21178,21178,/home/irene/ISEF-Project-2023/Data/Alta Murgia/7_29-26.jpg,0
21236,21236,/home/irene/ISEF-Project-2023/Data/Alta Murgia/7_29-79.jpg,0
21276,21276,/home/irene/ISEF-Project-2023/Data/Alta Murgia/7_3-42.jpg,0
21281,21281,/home/irene/ISEF-Project-2023/Data/Alta Murgia/7_3-47.jpg,0
21393,21393,/home/irene/ISEF-Project-2023/Data/Alta Murgia/7_30-76.jpg,0
21459,21459,/home/irene/ISEF-Project-2023/Data/Alta Murgia/7_31-63.jpg,0
21462,21462,/home/irene/ISEF-Project-2023/Data/Alta Murgia/7_31-66.jpg,0
21522,21522,/home/irene/ISEF-Project-2023/Data/Alta Murgia/7_32-48.jpg,0
21568,21568,/home/irene/ISEF-Project-2023/Data/Alta Murgia/7_33-17.jpg,0
21599,21599,/home/irene/ISEF-Project-2023/Data/Alta Murgia/7_33-45.jpg,0
21618,21618,/home/irene/ISEF-Project-2023/Data/Alta Murgia/7_33-62.jpg,0
21637,21637,/home/irene/ISEF-Project-2023/Data/Alta Murgia/7_33-8.jpg,0
21765,21765,/home/irene/ISEF-Project-2023/Data/Alta Murgia/7_35-50.jpg,0
21769,21769,/home/irene/ISEF-Project-2023/Data/Alta Murgia/7_35-54.jpg,0
21810,21810,/home/irene/ISEF-Project-2023/Data/Alta Murgia/7_36-19.jpg,0
21852,21852,/home/irene/ISEF-Project-2023/Data/Alta Murgia/7_36-57.jpg,0
21970,21970,/home/irene/ISEF-Project-2023/Data/Alta Murgia/7_38-19.jpg,0
22005,22005,/home/irene/ISEF-Project-2023/Data/Alta Murgia/7_38-50.jpg,0
22020,22020,/home/irene/ISEF-Project-2023/Data/Alta Murgia/7_38-64.jpg,0
22104,22104,/home/irene/ISEF-Project-2023/Data/Alta Murgia/7_39-68.jpg,0
22141,22141,/home/irene/ISEF-Project-2023/Data/Alta Murgia/7_4-29.jpg,0
22395,22395,/home/irene/ISEF-Project-2023/Data/Alta Murgia/7_6-41.jpg,0
22546,22546,/home/irene/ISEF-Project-2023/Data/Alta Murgia/7_8-33.jpg,0
22649,22649,/home/irene/ISEF-Project-2023/Data/Alta Murgia/7_9-54.jpg,0
22716,22716,/home/irene/ISEF-Project-2023/Data/Alta Murgia/8_1-42.jpg,0
22902,22902,/home/irene/ISEF-Project-2023/Data/Alta Murgia/8_12-34.jpg,0
22907,22907,/home/irene/ISEF-Project-2023/Data/Alta Murgia/8_12-39.jpg,0
22924,22924,/home/irene/ISEF-Project-2023/Data/Alta Murgia/8_12-54.jpg,0
23047,23047,/home/irene/ISEF-Project-2023/Data/Alta Murgia/8_14-48.jpg,0
23139,23139,/home/irene/ISEF-Project-2023/Data/Alta Murgia/8_16-13.jpg,0
23161,23161,/home/irene/ISEF-Project-2023/Data/Alta Murgia/8_16-33.jpg,0
23302,23302,/home/irene/ISEF-Project-2023/Data/Alta Murgia/8_18-43.jpg,0
23305,23305,/home/irene/ISEF-Project-2023/Data/Alta Murgia/8_18-46.jpg,0
23320,23320,/home/irene/ISEF-Project-2023/Data/Alta Murgia/8_18-6.jpg,0
23355,23355,/home/irene/ISEF-Project-2023/Data/Alta Murgia/8_19-32.jpg,0
23475,23475,/home/irene/ISEF-Project-2023/Data/Alta Murgia/8_20-23.jpg,0
23503,23503,/home/irene/ISEF-Project-2023/Data/Alta Murgia/8_20-49.jpg,0
23537,23537,/home/irene/ISEF-Project-2023/Data/Alta Murgia/8_21-20.jpg,0
23612,23612,/home/irene/ISEF-Project-2023/Data/Alta Murgia/8_22-3.jpg,0
23642,23642,/home/irene/ISEF-Project-2023/Data/Alta Murgia/8_22-57.jpg,0
23678,23678,/home/irene/ISEF-Project-2023/Data/Alta Murgia/8_23-30.jpg,0
23864,23864,/home/irene/ISEF-Project-2023/Data/Alta Murgia/8_26-22.jpg,0
23958,23958,/home/irene/ISEF-Project-2023/Data/Alta Murgia/8_27-49.jpg,0
24076,24076,/home/irene/ISEF-Project-2023/Data/Alta Murgia/8_29-47.jpg,0
24125,24125,/home/irene/ISEF-Project-2023/Data/Alta Murgia/8_3-37.jpg,0
24257,24257,/home/irene/ISEF-Project-2023/Data/Alta Murgia/8_31-43.jpg,0
24353,24353,/home/irene/ISEF-Project-2023/Data/Alta Murgia/8_33-21.jpg,0
24478,24478,/home/irene/ISEF-Project-2023/Data/Alta Murgia/8_35-26.jpg,0
24514,24514,/home/irene/ISEF-Project-2023/Data/Alta Murgia/8_35-59.jpg,0
24546,24546,/home/irene/ISEF-Project-2023/Data/Alta Murgia/8_4-33.jpg,0
24547,24547,/home/irene/ISEF-Project-2023/Data/Alta Murgia/8_4-34.jpg,0
24560,24560,/home/irene/ISEF-Project-2023/Data/Alta Murgia/8_4-46.jpg,0
24623,24623,/home/irene/ISEF-Project-2023/Data/Alta Murgia/8_5-44.jpg,0
24645,24645,/home/irene/ISEF-Project-2023/Data/Alta Murgia/8_5-64.jpg,0
24701,24701,/home/irene/ISEF-Project-2023/Data/Alta Murgia/8_6-56.jpg,0
24755,24755,/home/irene/ISEF-Project-2023/Data/Alta Murgia/8_7-46.jpg,0
24803,24803,/home/irene/ISEF-Project-2023/Data/Alta Murgia/8_8-30.jpg,0
24828,24828,/home/irene/ISEF-Project-2023/Data/Alta Murgia/8_8-53.jpg,0
24896,24896,/home/irene/ISEF-Project-2023/Data/Alta Murgia/8_9-56.jpg,0
25081,25081,/home/irene/ISEF-Project-2023/Data/Alta Murgia/6_2-11.jpg,0
25109,25109,/home/irene/ISEF-Project-2023/Data/Alta Murgia/6_9-11.jpg,0
25110,25110,/home/irene/ISEF-Project-2023/Data/Alta Murgia/4_19-57.jpg,1
25111,25111,/home/irene/ISEF-Project-2023/Data/Alta Murgia/4_23-56.jpg,1
25112,25112,/home/irene/ISEF-Project-2023/Data/Alta Murgia/5_33-49.jpg,1
25113,25113,/home/irene/ISEF-Project-2023/Data/Alta Murgia/2_13-56.jpg,1
25114,25114,/home/irene/ISEF-Project-2023/Data/Alta Murgia/5_21-39.jpg,1
25115,25115,/home/irene/ISEF-Project-2023/Data/Alta Murgia/1_66-80.jpg,1
25116,25116,/home/irene/ISEF-Project-2023/Data/Alta Murgia/1_76-69.jpg,1
25117,25117,/home/irene/ISEF-Project-2023/Data/Alta Murgia/3_32-3.jpg,1
25118,25118,/home/irene/ISEF-Project-2023/Data/Alta Murgia/1_76-70.jpg,1
25119,25119,/home/irene/ISEF-Project-2023/Data/Alta Murgia/1_74-80.jpg,1
25120,25120,/home/irene/ISEF-Project-2023/Data/Alta Murgia/1_40-56.jpg,1
25121,25121,/home/irene/ISEF-Project-2023/Data/Alta Murgia/2_23-56.jpg,1
25122,25122,/home/irene/ISEF-Project-2023/Data/Alta Murgia/4_35-77.jpg,1
25123,25123,/home/irene/ISEF-Project-2023/Data/Alta Murgia/5_32-49.jpg,1
25124,25124,/home/irene/ISEF-Project-2023/Data/Alta Murgia/5_24-45.jpg,1
25125,25125,/home/irene/ISEF-Project-2023/Data/Alta Murgia/5_25-45.jpg,1
25126,25126,/home/irene/ISEF-Project-2023/Data/Alta Murgia/5_26-45.jpg,1
25127,25127,/home/irene/ISEF-Project-2023/Data/Alta Murgia/5_26-41.jpg,1
25128,25128,/home/irene/ISEF-Project-2023/Data/Alta Murgia/4_39-41.jpg,1
25129,25129,/home/irene/ISEF-Project-2023/Data/Alta Murgia/6_19-8.jpg,1
25130,25130,/home/irene/ISEF-Project-2023/Data/Alta Murgia/1_75-46.jpg,1
25131,25131,/home/irene/ISEF-Project-2023/Data/Alta Murgia/1_44-74.jpg,1
25132,25132,/home/irene/ISEF-Project-2023/Data/Alta Murgia/5_2-11.jpg,1
25133,25133,/home/irene/ISEF-Project-2023/Data/Alta Murgia/2_6-12.jpg,1
25134,25134,/home/irene/ISEF-Project-2023/Data/Alta Murgia/2_8-16.jpg,1
25135,25135,/home/irene/ISEF-Project-2023/Data/Alta Murgia/4_2-19.jpg,1
25136,25136,/home/irene/ISEF-Project-2023/Data/Alta Murgia/4_1-18.jpg,1
25137,25137,/home/irene/ISEF-Project-2023/Data/Alta Murgia/2_23-29.jpg,1
25138,25138,/home/irene/ISEF-Project-2023/Data/Alta Murgia/2_15-33.jpg,1
25139,25139,/home/irene/ISEF-Project-2023/Data/Alta Murgia/2_5-26.jpg,1
25140,25140,/home/irene/ISEF-Project-2023/Data/Alta Murgia/2_21-49.jpg,1
25141,25141,/home/irene/ISEF-Project-2023/Data/Alta Murgia/1_77-51.jpg,1
25142,25142,/home/irene/ISEF-Project-2023/Data/Alta Murgia/1_64-55.jpg,1
25143,25143,/home/irene/ISEF-Project-2023/Data/Alta Murgia/2_9-18.jpg,1
25144,25144,/home/irene/ISEF-Project-2023/Data/Alta Murgia/1_63-56.jpg,1
25145,25145,/home/irene/ISEF-Project-2023/Data/Alta Murgia/1_41-56.jpg,1
25146,25146,/home/irene/ISEF-Project-2023/Data/Alta Murgia/1_41-57.jpg,1
25147,25147,/home/irene/ISEF-Project-2023/Data/Alta Murgia/1_45-73.jpg,1
25148,25148,/home/irene/ISEF-Project-2023/Data/Alta Murgia/1_43-71.jpg,1
25149,25149,/home/irene/ISEF-Project-2023/Data/Alta Murgia/1_6-39.jpg,1
25150,25150,/home/irene/ISEF-Project-2023/Data/Alta Murgia/1_6-38.jpg,1
25151,25151,/home/irene/ISEF-Project-2023/Data/Alta Murgia/1_8-38.jpg,1
25152,25152,/home/irene/ISEF-Project-2023/Data/Alta Murgia/1_7-38.jpg,1
25153,25153,/home/irene/ISEF-Project-2023/Data/Alta Murgia/4_40-83.jpg,1
25154,25154,/home/irene/ISEF-Project-2023/Data/Alta Murgia/5_1-63.jpg,1
25155,25155,/home/irene/ISEF-Project-2023/Data/Alta Murgia/4_21-67.jpg,1
25156,25156,/home/irene/ISEF-Project-2023/Data/Alta Murgia/3_36-8.jpg,1
25157,25157,/home/irene/ISEF-Project-2023/Data/Alta Murgia/2_40-50.jpg,1
25158,25158,/home/irene/ISEF-Project-2023/Data/Alta Murgia/4_1-41.jpg,1
25159,25159,/home/irene/ISEF-Project-2023/Data/Alta Murgia/4_4-38.jpg,1
25160,25160,/home/irene/ISEF-Project-2023/Data/Alta Murgia/3_37-8.jpg,1
25161,25161,/home/irene/ISEF-Project-2023/Data/Alta Murgia/2_16-33.jpg,1
25162,25162,/home/irene/ISEF-Project-2023/Data/Alta Murgia/2_17-32.jpg,1
25163,25163,/home/irene/ISEF-Project-2023/Data/Alta Murgia/1_72-22.jpg,1
25164,25164,/home/irene/ISEF-Project-2023/Data/Alta Murgia/5_2-64.jpg,1
25165,25165,/home/irene/ISEF-Project-2023/Data/Alta Murgia/5_3-71.jpg,1
25166,25166,/home/irene/ISEF-Project-2023/Data/Alta Murgia/2_5-25.jpg,1
25167,25167,/home/irene/ISEF-Project-2023/Data/Alta Murgia/1_73-22.jpg,1
25168,25168,/home/irene/ISEF-Project-2023/Data/Alta Murgia/4_9-23.jpg,1
25169,25169,/home/irene/ISEF-Project-2023/Data/Alta Murgia/6_20-35.jpg,1
25170,25170,/home/irene/ISEF-Project-2023/Data/Alta Murgia/6_22-43.jpg,1
25171,25171,/home/irene/ISEF-Project-2023/Data/Alta Murgia/6_19-40.jpg,1
25172,25172,/home/irene/ISEF-Project-2023/Data/Alta Murgia/6_20-39.jpg,1
25173,25173,/home/irene/ISEF-Project-2023/Data/Alta Murgia/6_21-35.jpg,1
25174,25174,/home/irene/ISEF-Project-2023/Data/Alta Murgia/6_23-31.jpg,1
25175,25175,/home/irene/ISEF-Project-2023/Data/Alta Murgia/6_25-45.jpg,1
25176,25176,/home/irene/ISEF-Project-2023/Data/Alta Murgia/4_29-37.jpg,1
25177,25177,/home/irene/ISEF-Project-2023/Data/Alta Murgia/2_13-62.jpg,1
25178,25178,/home/irene/ISEF-Project-2023/Data/Alta Murgia/2_23-57.jpg,1
25179,25179,/home/irene/ISEF-Project-2023/Data/Alta Murgia/8_3-2.jpg,1
25180,25180,/home/irene/ISEF-Project-2023/Data/Alta Murgia/5_5-77.jpg,1
25181,25181,/home/irene/ISEF-Project-2023/Data/Alta Murgia/5_3-73.jpg,1
25182,25182,/home/irene/ISEF-Project-2023/Data/Alta Murgia/8_13-29.jpg,1
25183,25183,/home/irene/ISEF-Project-2023/Data/Alta Murgia/8_12-30.jpg,1
25184,25184,/home/irene/ISEF-Project-2023/Data/Alta Murgia/6_26-46.jpg,1
25185,25185,/home/irene/ISEF-Project-2023/Data/Alta Murgia/6_26-47.jpg,1
25186,25186,/home/irene/ISEF-Project-2023/Data/Alta Murgia/8_17-30.jpg,1
25187,25187,/home/irene/ISEF-Project-2023/Data/Alta Murgia/7_37-51.jpg,1
25188,25188,/home/irene/ISEF-Project-2023/Data/Alta Murgia/2_10-9.jpg,1
25189,25189,/home/irene/ISEF-Project-2023/Data/Alta Murgia/7_38-51.jpg,1
25190,25190,/home/irene/ISEF-Project-2023/Data/Alta Murgia/8_2-34.jpg,1
25191,25191,/home/irene/ISEF-Project-2023/Data/Alta Murgia/8_5-33.jpg,1
25192,25192,/home/irene/ISEF-Project-2023/Data/Alta Murgia/8_2-8.jpg,1
25193,25193,/home/irene/ISEF-Project-2023/Data/Alta Murgia/1_56-34.jpg,1
25194,25194,/home/irene/ISEF-Project-2023/Data/Alta Murgia/1_54-33.jpg,1
25195,25195,/home/irene/ISEF-Project-2023/Data/Alta Murgia/1_52-26.jpg,1
25196,25196,/home/irene/ISEF-Project-2023/Data/Alta Murgia/2_3-6.jpg,1
25197,25197,/home/irene/ISEF-Project-2023/Data/Alta Murgia/2_11-9.jpg,1
25198,25198,/home/irene/ISEF-Project-2023/Data/Alta Murgia/2_11-10.jpg,1
25199,25199,/home/irene/ISEF-Project-2023/Data/Alta Murgia/1_13-37.jpg,1
25200,25200,/home/irene/ISEF-Project-2023/Data/Alta Murgia/1_14-38.jpg,1
25201,25201,/home/irene/ISEF-Project-2023/Data/Alta Murgia/8_2-7.jpg,1
25202,25202,/home/irene/ISEF-Project-2023/Data/Alta Murgia/7_25-56.jpg,1
25203,25203,/home/irene/ISEF-Project-2023/Data/Alta Murgia/7_28-60.jpg,1
25204,25204,/home/irene/ISEF-Project-2023/Data/Alta Murgia/7_28-64.jpg,1
25205,25205,/home/irene/ISEF-Project-2023/Data/Alta Murgia/7_29-64.jpg,1
25206,25206,/home/irene/ISEF-Project-2023/Data/Alta Murgia/4_30-44.jpg,1
25207,25207,/home/irene/ISEF-Project-2023/Data/Alta Murgia/4_33-40.jpg,1
25208,25208,/home/irene/ISEF-Project-2023/Data/Alta Murgia/1_48-78.jpg,1
25209,25209,/home/irene/ISEF-Project-2023/Data/Alta Murgia/2_32-62.jpg,1
25210,25210,/home/irene/ISEF-Project-2023/Data/Alta Murgia/2_26-62.jpg,1
25211,25211,/home/irene/ISEF-Project-2023/Data/Alta Murgia/2_10-8.jpg,1
25212,25212,/home/irene/ISEF-Project-2023/Data/Alta Murgia/2_17-7.jpg,1
25213,25213,/home/irene/ISEF-Project-2023/Data/Alta Murgia/2_13-7.jpg,1
25214,25214,/home/irene/ISEF-Project-2023/Data/Alta Murgia/4_10-58.jpg,1
25215,25215,/home/irene/ISEF-Project-2023/Data/Alta Murgia/4_9-58.jpg,1
25216,25216,/home/irene/ISEF-Project-2023/Data/Alta Murgia/4_13-57.jpg,1
25217,25217,/home/irene/ISEF-Project-2023/Data/Alta Murgia/4_14-57.jpg,1
25218,25218,/home/irene/ISEF-Project-2023/Data/Alta Murgia/5_4-70.jpg,1
25219,25219,/home/irene/ISEF-Project-2023/Data/Alta Murgia/6_9-13.jpg,1
25220,25220,/home/irene/ISEF-Project-2023/Data/Alta Murgia/6_18-12.jpg,1
25221,25221,/home/irene/ISEF-Project-2023/Data/Alta Murgia/6_12-11.jpg,1
25222,25222,/home/irene/ISEF-Project-2023/Data/Alta Murgia/6_12-12.jpg,1
25223,25223,/home/irene/ISEF-Project-2023/Data/Alta Murgia/6_13-12.jpg,1
25224,25224,/home/irene/ISEF-Project-2023/Data/Alta Murgia/6_13-22.jpg,1
25225,25225,/home/irene/ISEF-Project-2023/Data/Alta Murgia/6_16-35.jpg,1
25226,25226,/home/irene/ISEF-Project-2023/Data/Alta Murgia/8_1-12.jpg,1
25227,25227,/home/irene/ISEF-Project-2023/Data/Alta Murgia/8_1-11.jpg,1
25228,25228,/home/irene/ISEF-Project-2023/Data/Alta Murgia/2_11-15.jpg,1
25229,25229,/home/irene/ISEF-Project-2023/Data/Alta Murgia/1_47-19.jpg,1
25230,25230,/home/irene/ISEF-Project-2023/Data/Alta Murgia/2_19-14.jpg,1
25231,25231,/home/irene/ISEF-Project-2023/Data/Alta Murgia/2_18-14.jpg,1
25232,25232,/home/irene/ISEF-Project-2023/Data/Alta Murgia/2_15-17.jpg,1
25233,25233,/home/irene/ISEF-Project-2023/Data/Alta Murgia/2_13-17.jpg,1
25234,25234,/home/irene/ISEF-Project-2023/Data/Alta Murgia/2_10-17.jpg,1
25235,25235,/home/irene/ISEF-Project-2023/Data/Alta Murgia/2_9-17.jpg,1
25236,25236,/home/irene/ISEF-Project-2023/Data/Alta Murgia/2_7-16.jpg,1
25237,25237,/home/irene/ISEF-Project-2023/Data/Alta Murgia/8_13-57.jpg,1
25238,25238,/home/irene/ISEF-Project-2023/Data/Alta Murgia/8_14-57.jpg,1
25239,25239,/home/irene/ISEF-Project-2023/Data/Alta Murgia/1_34-27.jpg,1
25240,25240,/home/irene/ISEF-Project-2023/Data/Alta Murgia/1_20-27.jpg,1
25241,25241,/home/irene/ISEF-Project-2023/Data/Alta Murgia/1_43-18.jpg,1
25242,25242,/home/irene/ISEF-Project-2023/Data/Alta Murgia/6_24-15.jpg,1
25243,25243,/home/irene/ISEF-Project-2023/Data/Alta Murgia/6_19-13.jpg,1
25244,25244,/home/irene/ISEF-Project-2023/Data/Alta Murgia/2_3-1.jpg,1
25245,25245,/home/irene/ISEF-Project-2023/Data/Alta Murgia/1_80-24.jpg,1
25246,25246,/home/irene/ISEF-Project-2023/Data/Alta Murgia/1_20-28.jpg,1
25247,25247,/home/irene/ISEF-Project-2023/Data/Alta Murgia/1_19-28.jpg,1
25248,25248,/home/irene/ISEF-Project-2023/Data/Alta Murgia/1_18-28.jpg,1
25249,25249,/home/irene/ISEF-Project-2023/Data/Alta Murgia/1_17-32.jpg,1
25250,25250,/home/irene/ISEF-Project-2023/Data/Alta Murgia/7_32-60.jpg,1
25251,25251,/home/irene/ISEF-Project-2023/Data/Alta Murgia/7_31-57.jpg,1
25252,25252,/home/irene/ISEF-Project-2023/Data/Alta Murgia/5_4-44.jpg,1
25253,25253,/home/irene/ISEF-Project-2023/Data/Alta Murgia/5_9-44.jpg,1
25254,25254,/home/irene/ISEF-Project-2023/Data/Alta Murgia/1_10-33.jpg,1
25255,25255,/home/irene/ISEF-Project-2023/Data/Alta Murgia/1_11-34.jpg,1
25256,25256,/home/irene/ISEF-Project-2023/Data/Alta Murgia/1_10-34.jpg,1
25257,25257,/home/irene/ISEF-Project-2023/Data/Alta Murgia/1_9-34.jpg,1
25258,25258,/home/irene/ISEF-Project-2023/Data/Alta Murgia/1_12-35.jpg,1
25259,25259,/home/irene/ISEF-Project-2023/Data/Alta Murgia/5_3-47.jpg,1
25260,25260,/home/irene/ISEF-Project-2023/Data/Alta Murgia/4_31-70.jpg,1
25261,25261,/home/irene/ISEF-Project-2023/Data/Alta Murgia/4_28-66.jpg,1
25262,25262,/home/irene/ISEF-Project-2023/Data/Alta Murgia/4_3-64.jpg,1
25263,25263,/home/irene/ISEF-Project-2023/Data/Alta Murgia/6_40-47.jpg,1
25264,25264,/home/irene/ISEF-Project-2023/Data/Alta Murgia/7_1-36.jpg,1
25265,25265,/home/irene/ISEF-Project-2023/Data/Alta Murgia/7_6-32.jpg,1
25266,25266,/home/irene/ISEF-Project-2023/Data/Alta Murgia/7_3-35.jpg,1
25267,25267,/home/irene/ISEF-Project-2023/Data/Alta Murgia/7_2-35.jpg,1
25268,25268,/home/irene/ISEF-Project-2023/Data/Alta Murgia/4_4-33.jpg,1
25269,25269,/home/irene/ISEF-Project-2023/Data/Alta Murgia/4_2-42.jpg,1
25270,25270,/home/irene/ISEF-Project-2023/Data/Alta Murgia/1_28-25.jpg,1
25271,25271,/home/irene/ISEF-Project-2023/Data/Alta Murgia/1_28-26.jpg,1
25272,25272,/home/irene/ISEF-Project-2023/Data/Alta Murgia/1_21-25.jpg,1
25273,25273,/home/irene/ISEF-Project-2023/Data/Alta Murgia/1_20-26.jpg,1
25274,25274,/home/irene/ISEF-Project-2023/Data/Alta Murgia/1_19-25.jpg,1
25275,25275,/home/irene/ISEF-Project-2023/Data/Alta Murgia/1_22-25.jpg,1
25276,25276,/home/irene/ISEF-Project-2023/Data/Alta Murgia/1_20-24.jpg,1
25277,25277,/home/irene/ISEF-Project-2023/Data/Alta Murgia/1_20-25.jpg,1
25278,25278,/home/irene/ISEF-Project-2023/Data/Alta Murgia/1_21-24.jpg,1
25279,25279,/home/irene/ISEF-Project-2023/Data/Alta Murgia/1_16-25.jpg,1
25280,25280,/home/irene/ISEF-Project-2023/Data/Alta Murgia/1_15-25.jpg,1
25281,25281,/home/irene/ISEF-Project-2023/Data/Alta Murgia/1_14-24.jpg,1
25282,25282,/home/irene/ISEF-Project-2023/Data/Alta Murgia/1_19-26.jpg,1
25283,25283,/home/irene/ISEF-Project-2023/Data/Alta Murgia/1_13-23.jpg,1
25284,25284,/home/irene/ISEF-Project-2023/Data/Alta Murgia/1_15-22.jpg,1
25285,25285,/home/irene/ISEF-Project-2023/Data/Alta Murgia/1_13-22.jpg,1
25286,25286,/home/irene/ISEF-Project-2023/Data/Alta Murgia/2_8-4.jpg,1
25287,25287,/home/irene/ISEF-Project-2023/Data/Alta Murgia/5_25-44.jpg,1
25288,25288,/home/irene/ISEF-Project-2023/Data/Alta Murgia/5_18-43.jpg,1
25289,25289,/home/irene/ISEF-Project-2023/Data/Alta Murgia/5_16-45.jpg,1
25290,25290,/home/irene/ISEF-Project-2023/Data/Alta Murgia/6_34-45.jpg,1
25291,25291,/home/irene/ISEF-Project-2023/Data/Alta Murgia/1_67-38.jpg,1
25292,25292,/home/irene/ISEF-Project-2023/Data/Alta Murgia/1_61-16.jpg,1
25293,25293,/home/irene/ISEF-Project-2023/Data/Alta Murgia/5_11-41.jpg,1
25294,25294,/home/irene/ISEF-Project-2023/Data/Alta Murgia/5_22-39.jpg,1
25295,25295,/home/irene/ISEF-Project-2023/Data/Alta Murgia/5_32-38.jpg,1
25296,25296,/home/irene/ISEF-Project-2023/Data/Alta Murgia/5_37-41.jpg,1
25297,25297,/home/irene/ISEF-Project-2023/Data/Alta Murgia/1_13-29.jpg,1
25298,25298,/home/irene/ISEF-Project-2023/Data/Alta Murgia/1_12-30.jpg,1
25299,25299,/home/irene/ISEF-Project-2023/Data/Alta Murgia/1_10-28.jpg,1
25300,25300,/home/irene/ISEF-Project-2023/Data/Alta Murgia/1_9-28.jpg,1
25301,25301,/home/irene/ISEF-Project-2023/Data/Alta Murgia/1_71-43.jpg,1
25302,25302,/home/irene/ISEF-Project-2023/Data/Alta Murgia/1_39-56.jpg,1
25303,25303,/home/irene/ISEF-Project-2023/Data/Alta Murgia/1_67-39.jpg,1
25304,25304,/home/irene/ISEF-Project-2023/Data/Alta Murgia/1_66-39.jpg,1
25305,25305,/home/irene/ISEF-Project-2023/Data/Alta Murgia/5_38-41.jpg,1
25306,25306,/home/irene/ISEF-Project-2023/Data/Alta Murgia/5_37-44.jpg,1
25307,25307,/home/irene/ISEF-Project-2023/Data/Alta Murgia/6_3-19.jpg,1
25308,25308,/home/irene/ISEF-Project-2023/Data/Alta Murgia/1_57-36.jpg,1
25309,25309,/home/irene/ISEF-Project-2023/Data/Alta Murgia/7_6-28.jpg,1
25310,25310,/home/irene/ISEF-Project-2023/Data/Alta Murgia/7_6-29.jpg,1
25311,25311,/home/irene/ISEF-Project-2023/Data/Alta Murgia/4_38-43.jpg,1
25312,25312,/home/irene/ISEF-Project-2023/Data/Alta Murgia/5_8-19.jpg,1
25313,25313,/home/irene/ISEF-Project-2023/Data/Alta Murgia/5_39-38.jpg,1
25314,25314,/home/irene/ISEF-Project-2023/Data/Alta Murgia/6_2-12.jpg,1
25315,25315,/home/irene/ISEF-Project-2023/Data/Alta Murgia/1_15-38.jpg,1
25316,25316,/home/irene/ISEF-Project-2023/Data/Alta Murgia/1_22-34.jpg,1
25317,25317,/home/irene/ISEF-Project-2023/Data/Alta Murgia/1_23-36.jpg,1
25318,25318,/home/irene/ISEF-Project-2023/Data/Alta Murgia/1_26-33.jpg,1
25319,25319,/home/irene/ISEF-Project-2023/Data/Alta Murgia/6_38-35.jpg,1
25320,25320,/home/irene/ISEF-Project-2023/Data/Alta Murgia/7_2-20.jpg,1
25321,25321,/home/irene/ISEF-Project-2023/Data/Alta Murgia/2_10-21.jpg,1
25322,25322,/home/irene/ISEF-Project-2023/Data/Alta Murgia/2_8-23.jpg,1
25323,25323,/home/irene/ISEF-Project-2023/Data/Alta Murgia/2_7-23.jpg,1
25324,25324,/home/irene/ISEF-Project-2023/Data/Alta Murgia/2_14-20.jpg,1
25325,25325,/home/irene/ISEF-Project-2023/Data/Alta Murgia/8_11-20.jpg,1
25326,25326,/home/irene/ISEF-Project-2023/Data/Alta Murgia/1_73-48.jpg,1
25327,25327,/home/irene/ISEF-Project-2023/Data/Alta Murgia/1_73-49.jpg,1
25328,25328,/home/irene/ISEF-Project-2023/Data/Alta Murgia/1_79-32.jpg,1
25329,25329,/home/irene/ISEF-Project-2023/Data/Alta Murgia/1_75-47.jpg,1
25330,25330,/home/irene/ISEF-Project-2023/Data/Alta Murgia/1_74-48.jpg,1
25331,25331,/home/irene/ISEF-Project-2023/Data/Alta Murgia/7_14-29.jpg,1
25332,25332,/home/irene/ISEF-Project-2023/Data/Alta Murgia/7_14-30.jpg,1
25333,25333,/home/irene/ISEF-Project-2023/Data/Alta Murgia/7_13-24.jpg,1
25334,25334,/home/irene/ISEF-Project-2023/Data/Alta Murgia/7_12-24.jpg,1
25335,25335,/home/irene/ISEF-Project-2023/Data/Alta Murgia/7_18-28.jpg,1
25336,25336,/home/irene/ISEF-Project-2023/Data/Alta Murgia/4_1-15.jpg,1
25337,25337,/home/irene/ISEF-Project-2023/Data/Alta Murgia/2_40-28.jpg,1
25338,25338,/home/irene/ISEF-Project-2023/Data/Alta Murgia/2_39-29.jpg,1
25339,25339,/home/irene/ISEF-Project-2023/Data/Alta Murgia/2_30-30.jpg,1
25340,25340,/home/irene/ISEF-Project-2023/Data/Alta Murgia/2_14-31.jpg,1
25341,25341,/home/irene/ISEF-Project-2023/Data/Alta Murgia/2_13-32.jpg,1
25342,25342,/home/irene/ISEF-Project-2023/Data/Alta Murgia/2_19-38.jpg,1
25343,25343,/home/irene/ISEF-Project-2023/Data/Alta Murgia/2_22-21.jpg,1
25344,25344,/home/irene/ISEF-Project-2023/Data/Alta Murgia/2_20-21.jpg,1
25345,25345,/home/irene/ISEF-Project-2023/Data/Alta Murgia/2_21-20.jpg,1
25346,25346,/home/irene/ISEF-Project-2023/Data/Alta Murgia/2_14-22.jpg,1
25347,25347,/home/irene/ISEF-Project-2023/Data/Alta Murgia/2_12-41.jpg,1
25348,25348,/home/irene/ISEF-Project-2023/Data/Alta Murgia/4_23-23.jpg,1
25349,25349,/home/irene/ISEF-Project-2023/Data/Alta Murgia/4_31-11.jpg,1
25350,25350,/home/irene/ISEF-Project-2023/Data/Alta Murgia/2_22-73.jpg,1
25351,25351,/home/irene/ISEF-Project-2023/Data/Alta Murgia/2_21-74.jpg,1
25352,25352,/home/irene/ISEF-Project-2023/Data/Alta Murgia/2_21-75.jpg,1
25353,25353,/home/irene/ISEF-Project-2023/Data/Alta Murgia/2_8-18.jpg,1
25354,25354,/home/irene/ISEF-Project-2023/Data/Alta Murgia/2_8-14.jpg,1
25355,25355,/home/irene/ISEF-Project-2023/Data/Alta Murgia/2_7-14.jpg,1
25356,25356,/home/irene/ISEF-Project-2023/Data/Alta Murgia/4_17-36.jpg,1
25357,25357,/home/irene/ISEF-Project-2023/Data/Alta Murgia/1_21-16.jpg,1
25358,25358,/home/irene/ISEF-Project-2023/Data/Alta Murgia/7_37-50.jpg,1
25359,25359,/home/irene/ISEF-Project-2023/Data/Alta Murgia/7_36-49.jpg,1
25360,25360,/home/irene/ISEF-Project-2023/Data/Alta Murgia/7_37-49.jpg,1
25361,25361,/home/irene/ISEF-Project-2023/Data/Alta Murgia/1_5-58.jpg,1
25362,25362,/home/irene/ISEF-Project-2023/Data/Alta Murgia/1_6-44.jpg,1
25363,25363,/home/irene/ISEF-Project-2023/Data/Alta Murgia/1_5-43.jpg,1
25364,25364,/home/irene/ISEF-Project-2023/Data/Alta Murgia/1_6-49.jpg,1
25365,25365,/home/irene/ISEF-Project-2023/Data/Alta Murgia/1_10-45.jpg,1
25366,25366,/home/irene/ISEF-Project-2023/Data/Alta Murgia/1_9-46.jpg,1
25367,25367,/home/irene/ISEF-Project-2023/Data/Alta Murgia/1_12-48.jpg,1
25368,25368,/home/irene/ISEF-Project-2023/Data/Alta Murgia/1_42-58.jpg,1
25369,25369,/home/irene/ISEF-Project-2023/Data/Alta Murgia/1_43-58.jpg,1
25370,25370,/home/irene/ISEF-Project-2023/Data/Alta Murgia/1_38-74.jpg,1
25371,25371,/home/irene/ISEF-Project-2023/Data/Alta Murgia/1_38-72.jpg,1
25372,25372,/home/irene/ISEF-Project-2023/Data/Alta Murgia/4_40-86.jpg,1
25373,25373,/home/irene/ISEF-Project-2023/Data/Alta Murgia/2_2-44.jpg,1
25374,25374,/home/irene/ISEF-Project-2023/Data/Alta Murgia/1_60-39.jpg,1
25375,25375,/home/irene/ISEF-Project-2023/Data/Alta Murgia/2_5-65.jpg,1
25376,25376,/home/irene/ISEF-Project-2023/Data/Alta Murgia/7_28-54.jpg,1
25377,25377,/home/irene/ISEF-Project-2023/Data/Alta Murgia/7_28-55.jpg,1
25378,25378,/home/irene/ISEF-Project-2023/Data/Alta Murgia/7_29-55.jpg,1
25379,25379,/home/irene/ISEF-Project-2023/Data/Alta Murgia/7_29-56.jpg,1
25380,25380,/home/irene/ISEF-Project-2023/Data/Alta Murgia/4_14-38.jpg,1
25381,25381,/home/irene/ISEF-Project-2023/Data/Alta Murgia/4_34-21.jpg,1
25382,25382,/home/irene/ISEF-Project-2023/Data/Alta Murgia/4_29-75.jpg,1
25383,25383,/home/irene/ISEF-Project-2023/Data/Alta Murgia/7_40-49.jpg,1
25384,25384,/home/irene/ISEF-Project-2023/Data/Alta Murgia/4_15-10.jpg,1
25385,25385,/home/irene/ISEF-Project-2023/Data/Alta Murgia/4_10-15.jpg,1
25386,25386,/home/irene/ISEF-Project-2023/Data/Alta Murgia/4_30-14.jpg,1
25387,25387,/home/irene/ISEF-Project-2023/Data/Alta Murgia/4_11-27.jpg,1
25388,25388,/home/irene/ISEF-Project-2023/Data/Alta Murgia/4_32-26.jpg,1
25389,25389,/home/irene/ISEF-Project-2023/Data/Alta Murgia/7_1-5.jpg,1
25390,25390,/home/irene/ISEF-Project-2023/Data/Alta Murgia/1_51-64.jpg,1
25391,25391,/home/irene/ISEF-Project-2023/Data/Alta Murgia/1_17-40.jpg,1
25392,25392,/home/irene/ISEF-Project-2023/Data/Alta Murgia/6_17-26.jpg,1
25393,25393,/home/irene/ISEF-Project-2023/Data/Alta Murgia/1_64-75.jpg,1
25394,25394,/home/irene/ISEF-Project-2023/Data/Alta Murgia/1_70-60.jpg,1
25395,25395,/home/irene/ISEF-Project-2023/Data/Alta Murgia/1_74-60.jpg,1
25396,25396,/home/irene/ISEF-Project-2023/Data/Alta Murgia/1_76-59.jpg,1
25397,25397,/home/irene/ISEF-Project-2023/Data/Alta Murgia/1_72-62.jpg,1
25398,25398,/home/irene/ISEF-Project-2023/Data/Alta Murgia/1_51-63.jpg,1
25399,25399,/home/irene/ISEF-Project-2023/Data/Alta Murgia/1_50-65.jpg,1
25400,25400,/home/irene/ISEF-Project-2023/Data/Alta Murgia/1_7-36.jpg,1
25401,25401,/home/irene/ISEF-Project-2023/Data/Alta Murgia/1_21-43.jpg,1
25402,25402,/home/irene/ISEF-Project-2023/Data/Alta Murgia/1_21-42.jpg,1
25403,25403,/home/irene/ISEF-Project-2023/Data/Alta Murgia/1_28-46.jpg,1
25404,25404,/home/irene/ISEF-Project-2023/Data/Alta Murgia/1_29-43.jpg,1
25405,25405,/home/irene/ISEF-Project-2023/Data/Alta Murgia/1_29-44.jpg,1
25406,25406,/home/irene/ISEF-Project-2023/Data/Alta Murgia/1_30-43.jpg,1
25407,25407,/home/irene/ISEF-Project-2023/Data/Alta Murgia/1_31-44.jpg,1
25408,25408,/home/irene/ISEF-Project-2023/Data/Alta Murgia/1_32-41.jpg,1
25409,25409,/home/irene/ISEF-Project-2023/Data/Alta Murgia/1_64-65.jpg,1
25410,25410,/home/irene/ISEF-Project-2023/Data/Alta Murgia/1_62-64.jpg,1
25411,25411,/home/irene/ISEF-Project-2023/Data/Alta Murgia/1_61-65.jpg,1
25412,25412,/home/irene/ISEF-Project-2023/Data/Alta Murgia/1_52-75.jpg,1
25413,25413,/home/irene/ISEF-Project-2023/Data/Alta Murgia/1_55-12.jpg,1
25414,25414,/home/irene/ISEF-Project-2023/Data/Alta Murgia/1_52-12.jpg,1
25415,25415,/home/irene/ISEF-Project-2023/Data/Alta Murgia/1_12-22.jpg,1
25416,25416,/home/irene/ISEF-Project-2023/Data/Alta Murgia/1_17-18.jpg,1
25417,25417,/home/irene/ISEF-Project-2023/Data/Alta Murgia/1_17-17.jpg,1
25418,25418,/home/irene/ISEF-Project-2023/Data/Alta Murgia/1_16-16.jpg,1
25419,25419,/home/irene/ISEF-Project-2023/Data/Alta Murgia/2_14-14.jpg,1
25420,25420,/home/irene/ISEF-Project-2023/Data/Alta Murgia/2_9-16.jpg,1
25421,25421,/home/irene/ISEF-Project-2023/Data/Alta Murgia/2_10-16.jpg,1
25422,25422,/home/irene/ISEF-Project-2023/Data/Alta Murgia/2_8-17.jpg,1
25423,25423,/home/irene/ISEF-Project-2023/Data/Alta Murgia/2_6-19.jpg,1
25424,25424,/home/irene/ISEF-Project-2023/Data/Alta Murgia/8_12-24.jpg,1
25425,25425,/home/irene/ISEF-Project-2023/Data/Alta Murgia/1_21-8.jpg,1
25426,25426,/home/irene/ISEF-Project-2023/Data/Alta Murgia/1_22-8.jpg,1
25427,25427,/home/irene/ISEF-Project-2023/Data/Alta Murgia/1_4-12.jpg,1
25428,25428,/home/irene/ISEF-Project-2023/Data/Alta Murgia/1_6-12.jpg,1
25429,25429,/home/irene/ISEF-Project-2023/Data/Alta Murgia/1_10-7.jpg,1
25430,25430,/home/irene/ISEF-Project-2023/Data/Alta Murgia/1_63-14.jpg,1
25431,25431,/home/irene/ISEF-Project-2023/Data/Alta Murgia/2_7-15.jpg,1
25432,25432,/home/irene/ISEF-Project-2023/Data/Alta Murgia/2_6-15.jpg,1
25433,25433,/home/irene/ISEF-Project-2023/Data/Alta Murgia/8_12-23.jpg,1
25434,25434,/home/irene/ISEF-Project-2023/Data/Alta Murgia/1_70-19.jpg,1
25435,25435,/home/irene/ISEF-Project-2023/Data/Alta Murgia/1_66-17.jpg,1
25436,25436,/home/irene/ISEF-Project-2023/Data/Alta Murgia/1_73-21.jpg,1
25437,25437,/home/irene/ISEF-Project-2023/Data/Alta Murgia/1_60-22.jpg,1
25438,25438,/home/irene/ISEF-Project-2023/Data/Alta Murgia/1_8-37.jpg,1
25439,25439,/home/irene/ISEF-Project-2023/Data/Alta Murgia/1_9-38.jpg,1
25440,25440,/home/irene/ISEF-Project-2023/Data/Alta Murgia/1_8-39.jpg,1
25441,25441,/home/irene/ISEF-Project-2023/Data/Alta Murgia/1_7-41.jpg,1
25442,25442,/home/irene/ISEF-Project-2023/Data/Alta Murgia/1_11-42.jpg,1
25443,25443,/home/irene/ISEF-Project-2023/Data/Alta Murgia/2_6-16.jpg,1
25444,25444,/home/irene/ISEF-Project-2023/Data/Alta Murgia/2_1-15.jpg,1
25445,25445,/home/irene/ISEF-Project-2023/Data/Alta Murgia/2_4-17.jpg,1
25446,25446,/home/irene/ISEF-Project-2023/Data/Alta Murgia/2_2-19.jpg,1
25447,25447,/home/irene/ISEF-Project-2023/Data/Alta Murgia/2_1-18.jpg,1
25448,25448,/home/irene/ISEF-Project-2023/Data/Alta Murgia/1_7-18.jpg,1
25449,25449,/home/irene/ISEF-Project-2023/Data/Alta Murgia/1_5-26.jpg,1
25450,25450,/home/irene/ISEF-Project-2023/Data/Alta Murgia/1_23-19.jpg,1
25451,25451,/home/irene/ISEF-Project-2023/Data/Alta Murgia/1_37-68.jpg,1
25452,25452,/home/irene/ISEF-Project-2023/Data/Alta Murgia/1_8-60.jpg,1
25453,25453,/home/irene/ISEF-Project-2023/Data/Alta Murgia/1_80-39.jpg,1
25454,25454,/home/irene/ISEF-Project-2023/Data/Alta Murgia/1_59-55.jpg,1
25455,25455,/home/irene/ISEF-Project-2023/Data/Alta Murgia/1_60-53.jpg,1
25456,25456,/home/irene/ISEF-Project-2023/Data/Alta Murgia/1_54-47.jpg,1
25457,25457,/home/irene/ISEF-Project-2023/Data/Alta Murgia/1_54-46.jpg,1
25458,25458,/home/irene/ISEF-Project-2023/Data/Alta Murgia/1_44-45.jpg,1
25459,25459,/home/irene/ISEF-Project-2023/Data/Alta Murgia/1_39-37.jpg,1
25460,25460,/home/irene/ISEF-Project-2023/Data/Alta Murgia/1_44-44.jpg,1
25461,25461,/home/irene/ISEF-Project-2023/Data/Alta Murgia/1_43-44.jpg,1
25462,25462,/home/irene/ISEF-Project-2023/Data/Alta Murgia/1_49-44.jpg,1
25463,25463,/home/irene/ISEF-Project-2023/Data/Alta Murgia/1_51-45.jpg,1
25464,25464,/home/irene/ISEF-Project-2023/Data/Alta Murgia/1_33-43.jpg,1
25465,25465,/home/irene/ISEF-Project-2023/Data/Alta Murgia/1_37-46.jpg,1
25466,25466,/home/irene/ISEF-Project-2023/Data/Alta Murgia/1_36-42.jpg,1
25467,25467,/home/irene/ISEF-Project-2023/Data/Alta Murgia/1_38-41.jpg,1
25468,25468,/home/irene/ISEF-Project-2023/Data/Alta Murgia/1_40-43.jpg,1
25469,25469,/home/irene/ISEF-Project-2023/Data/Alta Murgia/1_59-54.jpg,1
25470,25470,/home/irene/ISEF-Project-2023/Data/Alta Murgia/1_48-38.jpg,1
25471,25471,/home/irene/ISEF-Project-2023/Data/Alta Murgia/1_49-39.jpg,1
25472,25472,/home/irene/ISEF-Project-2023/Data/Alta Murgia/1_61-40.jpg,1
25473,25473,/home/irene/ISEF-Project-2023/Data/Alta Murgia/1_27-15.jpg,1
25474,25474,/home/irene/ISEF-Project-2023/Data/Alta Murgia/1_58-30.jpg,1
25475,25475,/home/irene/ISEF-Project-2023/Data/Alta Murgia/5_10-76.jpg,1
25476,25476,/home/irene/ISEF-Project-2023/Data/Alta Murgia/1_40-53.jpg,1
25477,25477,/home/irene/ISEF-Project-2023/Data/Alta Murgia/1_39-49.jpg,1
25478,25478,/home/irene/ISEF-Project-2023/Data/Alta Murgia/1_39-41.jpg,1
25479,25479,/home/irene/ISEF-Project-2023/Data/Alta Murgia/4_40-82.jpg,1
25480,25480,/home/irene/ISEF-Project-2023/Data/Alta Murgia/5_14-76.jpg,1
25481,25481,/home/irene/ISEF-Project-2023/Data/Alta Murgia/7_35-61.jpg,1
25482,25482,/home/irene/ISEF-Project-2023/Data/Alta Murgia/7_39-58.jpg,1
25483,25483,/home/irene/ISEF-Project-2023/Data/Alta Murgia/1_43-28.jpg,1
25484,25484,/home/irene/ISEF-Project-2023/Data/Alta Murgia/1_44-36.jpg,1
25485,25485,/home/irene/ISEF-Project-2023/Data/Alta Murgia/7_25-32.jpg,1
25486,25486,/home/irene/ISEF-Project-2023/Data/Alta Murgia/1_39-63.jpg,1
25487,25487,/home/irene/ISEF-Project-2023/Data/Alta Murgia/1_61-39.jpg,1
25488,25488,/home/irene/ISEF-Project-2023/Data/Alta Murgia/1_60-40.jpg,1
25489,25489,/home/irene/ISEF-Project-2023/Data/Alta Murgia/1_57-32.jpg,1
25490,25490,/home/irene/ISEF-Project-2023/Data/Alta Murgia/1_55-32.jpg,1
25491,25491,/home/irene/ISEF-Project-2023/Data/Alta Murgia/1_55-33.jpg,1
25492,25492,/home/irene/ISEF-Project-2023/Data/Alta Murgia/1_52-18.jpg,1
25493,25493,/home/irene/ISEF-Project-2023/Data/Alta Murgia/8_20-20.jpg,1
25494,25494,/home/irene/ISEF-Project-2023/Data/Alta Murgia/7_33-63.jpg,1
25495,25495,/home/irene/ISEF-Project-2023/Data/Alta Murgia/6_27-29.jpg,1
25496,25496,/home/irene/ISEF-Project-2023/Data/Alta Murgia/6_25-25.jpg,1
25497,25497,/home/irene/ISEF-Project-2023/Data/Alta Murgia/7_32-59.jpg,1
25498,25498,/home/irene/ISEF-Project-2023/Data/Alta Murgia/1_17-56.jpg,1
25499,25499,/home/irene/ISEF-Project-2023/Data/Alta Murgia/1_16-56.jpg,1
25500,25500,/home/irene/ISEF-Project-2023/Data/Alta Murgia/1_16-57.jpg,1
25501,25501,/home/irene/ISEF-Project-2023/Data/Alta Murgia/2_9-68.jpg,1
25502,25502,/home/irene/ISEF-Project-2023/Data/Alta Murgia/1_5-38.jpg,1
25503,25503,/home/irene/ISEF-Project-2023/Data/Alta Murgia/1_5-37.jpg,1
25504,25504,/home/irene/ISEF-Project-2023/Data/Alta Murgia/1_5-36.jpg,1
25505,25505,/home/irene/ISEF-Project-2023/Data/Alta Murgia/4_8-5.jpg,1
25506,25506,/home/irene/ISEF-Project-2023/Data/Alta Murgia/4_7-5.jpg,1
25507,25507,/home/irene/ISEF-Project-2023/Data/Alta Murgia/2_11-25.jpg,1
25508,25508,/home/irene/ISEF-Project-2023/Data/Alta Murgia/4_1-17.jpg,1
25509,25509,/home/irene/ISEF-Project-2023/Data/Alta Murgia/4_7-25.jpg,1
25510,25510,/home/irene/ISEF-Project-2023/Data/Alta Murgia/4_10-27.jpg,1
25511,25511,/home/irene/ISEF-Project-2023/Data/Alta Murgia/4_31-32.jpg,1
25512,25512,/home/irene/ISEF-Project-2023/Data/Alta Murgia/1_6-36.jpg,1
25513,25513,/home/irene/ISEF-Project-2023/Data/Alta Murgia/1_4-28.jpg,1
25514,25514,/home/irene/ISEF-Project-2023/Data/Alta Murgia/7_1-4.jpg,1
25515,25515,/home/irene/ISEF-Project-2023/Data/Alta Murgia/6_25-43.jpg,1
25516,25516,/home/irene/ISEF-Project-2023/Data/Alta Murgia/4_16-48.jpg,1
